,브랜드명,상품가격,url번호,상품명
0,발뮤다 ,"309,000",0,[최종가29.9만][1만쿠폰] 발뮤다 뉴토스터 3.0 + (9만원 상당 정품 사은품)
1,무인양품 ,"5,900",0,더스트 박스 폴리프로필렌 휴지통 3 size 
2,브레빌 ,"659,900",0,[해외] 커피머신 BES870 바리스타 익스프레스 (관부가세별도)
3,밧드야  ,"22,900",0,18-8 스테인리스 싱크랙
4,vitra ,"388,000",0,비트라 팬톤 체어 (6개월소요예정)
5,융 ,"34,800",0,LS990 듀로플라스틱 유럽형 1회로 스위치
6,사브르 ,"40,400",0,(5%쿠폰) 사브르 비스트로 디너 세트 3P 프랑스 명품 커트러리
7,융 ,"49,100",0,LS990 듀로플라스틱 유럽형 2회로 스위치(단로)
8,윤도자기 ,"5,900",0,윤도자기 차곡 밥공기
9,융 ,"30,400",0,LS990 듀로플라스틱 유럽형 콘센트_220V
10,케멕스 ,"57,900",0,클래식 CM-6A 6컵
11,아르네야콥센 ,"104,900",0,[해외] AJ 시티홀 아르네야콥센 탁상 시계 sandy beige
12,두닷 ,"119,000",1,[5%쿠폰] 밀라노 1500 북선반 5colors
13,한샘주방 ,"31,900",1,[단독특가] 한샘몰PICK 클로이 조리도구 키친툴 7P세트 3colors 
14,코드86 ,"2,500",1,다용도 리빙박스 팬트리 수납박스 정리함 5color (손잡이형)
15,&tradition ,"152,000",1,[해외] 앤트레디션 세타고 JH27 테이블 램프 
16,이케아 ,"12,900",1,TRENSUM 탁상 거울 스테인리스
17,삼화페인트 ,"12,900",1,아이생각 4L 친환경 수성페인트 125colors (내부프로)
18,이케아 ,"44,900",1,니사포르스 주방 키친 카트 트롤리 웨건
19,발뮤다 ,"430,000",1,발뮤다 에어엔진 공기청정기 2colors 60㎡ (18평형)
20,브레빌 ,"659,900",1,[해외] 커피머신 BES870 바리스타 익스프레스 (관부가세별도)
21,디베아 ,"165,000",1, 차이슨 무선 청소기 올 뉴 22000 UV 터보브러시 최대진공도 40000PA
22,아르테미데 ,"290,000",1,아르테미데 네시노 Artemide Nessino Ø32cm Orange
23,주빌리가구 ,"26,300",1,트루앤미 골드써클Ver2 원형거울 화장대 욕실 벽거울 500mm
24,아이르 ,"19,900",2,[단독] 순면100% 보이드 호텔식 이불커버 13color SS/Q
25,아엠홈 ,"19,900",2,[오늘의딜][5%쿠폰] 비침없는 도톰 레이스/쉬폰커튼(나비주름/핀형/봉집)
26,마켓비 ,"19,600",2,[5%쿠폰]RUSTA 장스탠드 11colors
27,이니띠움 ,"8,900",2,[10%쿠폰] 워셔블 사계절 모던 러그 카페트 5size 8color
28,앳홈 ,"35,900",2,카페식 Doris 원형테이블 2size
29,믹스앤매치 ,"39,900",2,[15%쿠폰/단독]말캉!마시멜로우 워싱 항균 이불베개세트 2size 8color
30,포더홈 ,"119,000",2,[5%쿠폰] 어라운드 원형 테이블/식탁 1000 size (화이트/크롬)
31,아이르 ,"14,900",2, [단독] 순면100% 보이드 호텔식 홑겹매트커버 SS/Q/K 13COLOR
32,로엠가구 ,"14,500",2,[예약판매] 분체 간이 행사 교회 식탁 접이식 의자
33,아라크네 ,"49,900",2,(1+1) 알루미늄블라인드 (25mm 투코드)
34,인틴트 ,"39,900",2,[10%쿠폰]사용할수록 기분좋은 가을 치즈이불 차렵이불세트SS/Q 14colors
35,봉주르소소 ,"12,800",2, 그란데 메르시 장미 실크플라워
36,이케아 ,"26,500",3,(안전포장) FADO 파도 달 조명 2size / 2colors
37,에이비퍼니쳐 ,"37,900",3,빈 DSS 인테리어체어 9colors
38,이케아 ,"36,500",3,(안전포장) FORSA 포르소 작업등 단스탠드 8colors
39,오크빌 ,"139,000",3,[누적리뷰 2천개] 오테카 원목 책상
40,바자르 ,"29,900",3,[오늘의딜][5%쿠폰][단독] 미드나잇 고밀도 코튼 매트리스커버 10colors
41,비스비바 ,"5,800",3,아이엠 선반키친타올걸이
42,제니퍼룸 ,"40,900",3,[리뉴얼] 전기포트 커피포트 마카롱 몽키케틀 
43,마켓비 ,"49,900",3,POLABO 미니수납장 좁은 2문 SHM4247SL
44,ABC ,"35,000",3,알루미늄 높이조절 각도조절 노트북 받침대
45,캠브로 ,"11,700",3,우리집 테이블 캠브로 캠트레이 사각 쟁반 정품 미국 63종
46,메종드룸룸 ,"49,900",3,[10/18 예약판매_80x170cm] 모던 타일 러그 2color 
47,고르소 ,900,3,다용도 펜꽂이 슬림 연필꽂이 화장대 데스크 정리함 3type
48,HIFI ,"39,150",4,[해외] 아날로그 감성 벽걸이 CD 플레이어 - 사각 CDP
49,양키캔들 ,"41,900",4,모노(MONO) 캔들워머+양키캔들 라지자+전구2개증정(타이머/리모콘/높낮이조절)
50,당신의온실 ,"27,000",4,웨이브미러 S
51,마켓비 ,"95,000",4,MKB 캐비넷 가로양문 TV스탠드 1150590
52,브릭나인 ,"310,000",4,브릭나인 인테리어 벽난로
53,마틸라 ,"29,900",4,[최대2만원쿠폰]이브정원 피그먼트 워싱면 이불겸패드 10colors
54,바자르 ,"29,900",4,[단독] 모노멜란지 선염 코튼 이불커버세트 S/QK 3colors
55,바자르 ,"29,900",4,[오늘의딜][5%쿠폰][단독] 미드나잇 고밀도 코튼 매트리스커버 10colors
56,일리  ,"125,250",4,[해외] ★신규색상입고★프란시스 Y3.3 커피머신 + 웰컴캡슐 14개 증정
57,아이카사 ,"5,700",4,수납 정리함 폴딩 박스 S (색상선택)
58,오투가구 ,"109,000",4,[할인쿠폰] 스카겐 북케이스
59,라튤립 ,"22,400",4,알러지케어 향균 소프트 데일리 매트리스커버 SS/Q/K 13color
60,마틸라 ,"29,900",5,[최대2만원쿠폰]디어썸머 시어서커 체크 여름 차렵이불세트 SS/Q/K 3colors
61,마틸라 ,"29,900",5,[최대2만원쿠폰]이브정원 피그먼트 워싱면 이불겸패드 10colors
62,매직캔 ,"35,500",5,[오늘의딜] 냄새잡는 휴지통 신상 히포크롬 일반히포 21L 27L
63,발뮤다 ,"169,000",5,[최종가15.9만][1만쿠폰] 발뮤다 더 팟 전기포트 전기주전자
64,제일조명 ,"66,000",5,클래식 43 팬던트 조명
65,네이쳐리빙 ,"6,900",5,[10%쿠폰][기간한정] 모노블 안개분사 스프레이 분무기 300ml
66,아카시아 ,"19,900",5,우드 트레이 멀티 티슈케이스 2colors
67,메종드꼼마 ,"20,900",5,톤톤우드 화장대 거울 M/L(원목거치대 포함)
68,참라이팅 ,"4,700",5,LED T5 간접조명_6colors
69,베베데코 ,"18,500",5,모먼트 스탠드 원형/사각 스판형 에어컨커버 7colors 5size
70,드롱기 ,"149,000",5,아이코나 전기토스터 CTOV2003
71,데코뷰 ,"5,500",5,내츄럴 수초 냄비받침
72,무아스 ,"14,900",6,퓨어 미니 LED 벽시계 3colors
73,두닷 ,"119,000",6,[5%쿠폰] 밀라노 1500 북선반 5colors
74,영이오브제 ,"1,700",6,양귀비 조화 11colors
75,큐소닉 ,"12,900",6,침대 사이드 폰 베드테이블 3size
76,일리  ,"98,900",6,[해외] 프란시스 Y3.3 커피머신 + 웰컴캡슐 14개
77,LG전자 ,"1,040,000",6,LG 프라이빗 스마트스크린TV 스탠바이미 27ART10AKPL
78,아리아퍼니쳐 ,"18,900",6,[5%쿠폰] 엔틱 인테리어 아치형 창문 벽거울 2colors
79,홈즈리빙 ,"25,900",6,불멍 난로 스토브 화로 미니 불무드 에탄올램프 2color (캔들라이터 증정)
80,구디푸디 ,"7,900",6,모던 템바보드 멀티탭 정리함 전선 콘센트 케이스 2size 3colors
81,모아이 ,"49,900",6,노프레임 심플 아치형 다용도 거울 5size (받침대증정)
82,무인양품 ,"199,000",6,벽걸이형 CD 플레이어 
83,마켓비 ,"28,000",6, TRISHEL 3단 선반 2colors
84,일리  ,"125,250",7,[해외] ★신규색상입고★프란시스 Y3.3 커피머신 + 웰컴캡슐 14개 증정
85,발뮤다 ,"169,000",7,[최종가15.9만][1만쿠폰] 발뮤다 더 팟 전기포트 전기주전자
86,포더홈 ,"124,900",7,[5%쿠폰] 플레인 E0등급 3단 800 높은 선반 수납장/서랍장
87,세레스홈 ,"148,000",7,미스티 학생의자 워킹체어 2type
88,므어므어 ,"11,900",7,[단독]네이버 1등 리뷰/국내최초 특허받은 원조 므어므어 키친타올걸이 마그넷홀더 
89,샤오미 ,"70,500",7,[해외] T1S 자동 센서 스마트 휴지통 쓰레기통 화이트 4세대
90,이케아 ,"58,900",7,[10%쿠폰] DEJSA 탁상스탠드 베이지 오팔 화이트 204.049.91(전구포함)
91,삼성전자 ,"2,017,100",7,[카드혜택가198만] 공식파트너 비스포크 키친핏 4도어 냉장고 RF60B91C3AP 코타
92,뉴앤룩 ,"3,000",7,화이트 미니휴지통 화장대 쓰레기통
93,삼성전자 ,"418,280",7,[카드혜택가34만원대] 비스포크 큐커 전기오븐 MO22A7797CW 22리터 인증점
94,비믹스(Bmix) ,0,7,INAP EDITION_OCLOCK DESK_02_W 2colors
95,브라운 ,"49,500",7,클래식 아날로그 벽시계 BC06W 외 3colors
96,창안애 ,"17,000",8,[5%추가인하/맞춤] 물청소가능! 친환경 우드폼 거실 창문 블라인드 14colors
97,오이엔퍼니처 ,"91,200",8,[7%쿠폰] 모듈선반 툴랙001 GL_HALF 10colors
98,리샘 ,"99,900",8,[5%쿠폰] (빠른배송) 루이스 3단 빅서랍 수납침대  SS/Q 
99,오투가구 ,"414,000",8,[할인쿠폰] 피카 확장형 4인 테이블
100,보아르 ,"32,900",8, 하티포트 속이 보이는 깨끗한 전기포트
101,"oth, ","60,140",8,Switzerland fabric poster/curtain 135x230cm
102,장미맨숀 ,"329,000",8,[5%쿠폰]마르틴 원목 그릇장 2colors
103,무인양품 ,"199,000",8,벽걸이형 CD 플레이어 
104,아라크네 ,"25,900",8,롤스크린 / 빔스크린 화이트프리미엄 6size
105,먼데이하우스 ,"36,900",8,[7%쿠폰] 당일출고  순수원목 F행거 (중형) 3colors
106,MOUSE RUG ,"13,500",8,페르시안카펫 마우스패드 36종 택1
107,무인양품 ,"59,000",8,초음파 아로마 디퓨저
108,도잠 ,"59,000",9,ANZA  스툴
109,플러스마이너스제로 ,"145,000",9,[국내정품] 리빙팬 Z710 3 Colors (화이트/옐로우/퍼플)
110,플렌스테드 ,"161,500",9,"FLENSTED MOBILES - Drifting Clouds (NATURE,BLACK)"
111,밧드야  ,"24,900",9,18-8 풀스텐 키친랙
112,제네바사운드 ,"2,430,000",9,프리미엄 블루투스 올인원 오디오시스템 모델 L Model L
113,아르네야콥센 ,"149,000",9,[해외] 뱅커스 벽시계 2colors 3size 16cm/21cm/29cm
114,이지쏙 ,"30,500",9,이지쏙 냉장고 정리용기 수납정리함 3단
115,RICHARD LAMPERT ,"1,330,000",9,[빠른배송] 리차드 램퍼트 아이어만 2 다이닝 테이블 화이트 멜라민 1600/2000
116,토리베 ,"55,900",9,"[오늘의딜][200개 한정, 10/13 순차발송] 올스텐/양날 분리 토리베가위"
117,창신리빙 ,"29,900",9,시스템 소분용기 20개세트 냉장고정리 밀폐용기
118,아르네야콥센 ,"88,000",9,[해외] 탁상시계 뱅커스 지름 11cm 3colors
119,무인양품 ,"5,900",9,스탠드 파일박스 폴리프로필렌 폭 10cm/15cm 2colors 
120,픽켄드 ,"39,900",10,[10%쿠폰] 폭닥폭닥 정말 부드러운 두부이불 사계절 차렵이불세트 20colors
121,에이비퍼니쳐 ,"37,900",10,빈 DSS 인테리어체어 9colors
122,이케아 ,"22,900",10,GLADOM 글라돔 사이드 트레이 테이블 5colors
123,시코코리아 ,"155,000",10,[역대급특가] 22년식 NEW BLDC 시코 폴딩팬 접이형 254D
124,리베르떼 ,"28,000",10,빈티지 레트로 인테리어 벽시계
125,더프리그 ,"34,900",10,사계절 체크 무드타일 러그 카페트 3size 2color
126,마이플랜트 ,500,10,독일토분 표준형 테라코타 빈티지 화분
127,리빙힙 ,"97,020",10,스페스 원형테이블 800 2colors
128,픽켄드 ,"19,900",10,[단독] 부드러운 두부 매트리스커버 2size 23color 
129,LG전자 ,0,10,클래식 TV  32LN630R
130,듀커소파 ,"888,900",10,DK055 3.5인/3인용 풀커버 오트밀 거위털 패브릭 소파(1+1커버증정)
131,F5NATURE ,"10,800",10,오브제캔들 봉봉캔들 큐브 디자인캔들
132,룸스토어 ,700,11,[오늘의딜]만능 풀바른 벽지 간편 셀프도배 합지벽지 (사은품 증정)
133,이케아 ,"35,900",11,[10%쿠폰] ARSTID 탁상 단스탠드 2colors (전구포함)
134,lifebox ,"7,900",11,사각형 화이트 양면 탁상거울
135,이케아 ,"25,500",11,쉬레 원목 스툴 의자 간이 보조 화장대 식탁 4colors
136,미리내가든 ,"45,000",11,아랄리아 플라스틱화분 
137,나인플랜트(NINEPLANT) ,"115,000",11,대형 아레카 야자 - 원형 테라조 화분2colors(서울/경기지역배송)
138,시라쿠스 ,"4,670",11,뉴욕 공기 밥그릇 시리얼볼 다용도볼 (12cm)
139,사브르 ,"40,400",11,(5%쿠폰) 사브르 비스트로 디너 세트 3P 프랑스 명품 커트러리
140,몬드 ,"18,900",11,싱크대에 딱 붙는 양면 플레이팅 대형 대나무 도마
141,마이플랜트 ,"9,500",11,데로마 실린드리코 이탈리아 토분 빈티지 화분
142,제일전기공업 ,"2,900",11,디아트 스위치 2구
143,로메이키친 ,"2,200",11,아코락 아일랜드 비트니 유리잔 물컵 언더락 300ml
144,한빛카페트 ,"3,100",12,[10%쿠폰][단독] DIY 타일카페트 8color (50x50cm) 1P
145,데스커 ,"154,000",12,DSAD612P 1200폭 1인 노트북 책상 3colors + 빌트인 콘센트
146,발뮤다 ,"309,000",12,[최종가29.9만][1만쿠폰] 발뮤다 뉴토스터 3.0 + (9만원 상당 정품 사은품)
147,리빙스토리 ,"8,500",12,1+1 원터치 인테리어 미니휴지통 3colors
148,코드86 ,"1,800",12,장식용 모조 인테리어북 촬영소품 모형책 (63 type)
149,생활지음 ,"85,000",12,올라 바스툴 홈바 의자
150,인픽쳐 ,"8,600",12,"알루미늄액자 A1, A2, A3, A4,5070size 5colors"
151,무아스 ,"14,800",12,팝 미러클락 빅 탁상 시계 (온도 습도)
152,에이치홈 ,"1,900",12,라탄 컵받침 코스터 6 SIZE 원형 사각
153,렉슨 ,"72,000",12,"미나M LED 버섯램프_(무선충전,생활방수,9색변환) - LH64 9color"
154,미리 ,"19,800",12,욕실 스프레이건 변기샤워기 욕실 청소건 (화장실청소)
155,omeko ,"127,000",12,DCM 우드 디자인 체어
156,이케아 ,"47,900",13,RASKOG 로스코그 카트 트롤리 웨건 3colors
157,데스커 ,"314,000",13, DSBC162S 1600폭 2단 수납형 목제책장 3colors
158,데스커 ,"104,000",13,DSAD212 1200x600 베이직데스크 5colors
159,뉴앤룩 ,"1,200",13,칫솔꽂이 세라믹 스탠드 7colors (세라믹트레이 추가 선택)
160,퍼니처랩 ,"330,000",13,노리 라탄 서랍장 2X2
161,이케아 ,"14,900",13,이케아 RISATORP 철제바구니
162,비스비바 ,"109,000",13,"[쿠폰가92,650원] 빈블리 자동센서휴지통 30L"
163,무인양품 ,"199,000",13,벽걸이형 CD 플레이어 
164,무인양품 ,"6,900",13, 부드러운 타입 폴리에틸렌 케이스 4size + 뚜껑 별도 옵션 선택
165,웜그레이테일 ,"46,000",13,CORN FABRIC - 3 sizes
166,발뮤다 ,"499,000",13,발뮤다 더 퓨어 공기청정기 2colors 60㎡ 18평형
167,이케아 ,"63,900",13,삿수마스 화분스탠드 직사각
168,영가구 ,"29,900",14,베가 폴라 투명 접이식의자 17colors(대량구매 추가할인)
169,창안애 ,"17,300",14,[5%추가인하/맞춤] 원목 오동나무 우드블라인드 42colors
170,미닉스 ,"299,000",14,[오늘의딜]업그레이드! NEW 미닉스 미니 건조기 3kg
171,베이직톤 ,"64,900",14,[10%쿠폰] 클린코튼 고밀도 순면60수 호텔식 차렵이불 친환경 옥수수솜6색상
172,JBY ,"95,000",14,아치형 전신거울 (500~900size)
173,먼데이하우스 ,"113,400",14,[7%쿠폰] 당일출고 호텔식 프리미엄 독립 포켓스프링 필로우탑 매트리스(25cm)
174,플랜트란스 ,"369,000",14,윌리 원형테이블 카페시리즈 실버엣지/HPL소재/A타입 (사이즈선택)
175,에르미아 ,"17,900",14,마이크로화이버 홑겹 항균 매트리스커버 S/SS/Q/K
176,이케아 ,"9,990",14,MARIUS 스툴
177,믹스앤매치 ,"9,900",14,[10%쿠폰]미드센추리 카이 항균마이크로 홑 매트커버 S/SS/Q/K 15colors
178,아이르 ,"5,500",14, [단독] 순면100% 보이드 호텔식 홑겹베개커버 (40x60)(50x70)
179,크로우캐년 ,"20,000",14,D11_마블 머그_6color (340ml)
180,영가구 ,"29,900",15,베가 폴라 투명 접이식의자 17colors(대량구매 추가할인)
181,스칸디앤홈 ,"7,700",15,[10%쿠폰] 먼지없는 헤링본 사이잘룩 러그 카페트 4colors7size
182,두닷 ,"119,000",15,[5%쿠폰] 밀라노 1500 북선반 5colors
183,이케아 ,"26,500",15,(안전포장) FADO 파도 달 조명 2size / 2colors
184,픽켄드 ,"39,900",15,[10%쿠폰] 폭닥폭닥 정말 부드러운 두부이불 사계절 차렵이불세트 20colors
185,더프리그 ,"15,800",15,로망스 심플 단모 사계절 거실 원형 러그 4colors
186,더프리그 ,"59,000",15,DIY 모듈 선반 침실 협탁 가구 310(2단x1열)(추가금없음)
187,OWN아트포스터 ,"17,000",15,행운과 금전운을 주는 노란 추상화 인테리어 캔버스액자 연회 No.004
188,바이빔 ,"18,500",15,[무료배송] 네온 팝 러그 카페트 5colors 6size
189,더프리그 ,"32,900",15,[단독] 체커보드 단모 사계절 러그 카페트 2color 3size
190,롯오브젝트 ,"50,000",15,모듈 미니선반 10colors
191,포엠홈 ,"7,900",15,[당일출고] 루네스 화이트 벽걸이 꼭꼬핀 벽선반
192,이케아 ,"47,900",16,RASKOG 로스코그 카트 트롤리 웨건 3colors
193,브릭나인 ,"310,000",16,브릭나인 인테리어 벽난로
194,마켓비 ,"15,900",16, OLIVER 스툴 6colors
195,쿠첸 ,"82,900",16,[오늘의딜][최종가7.4만] 쿠첸 클래식 레트로 전자레인지 2colors 공식
196,이지앤프리 ,"8,900",16,1+1+1+1 모던 다용도 잡곡통 1200ml 
197,이케아 ,"299,000",16,MALM 3단 6칸 서랍장 160x78
198,보아르 ,"74,000",16,유럽 안전인증! 혼요 오가닉코팅 디지털 에어프라이어
199,홈앤하우스 ,"46,900",16,메탈랙 선반장 900 5단 (2colors)
200,드롱기 ,"149,000",16,아이코나 전기토스터 CTOV2003
201,L&C stendal ,"480,000",16,[부분빠른배송] 아키로 426 테이블 2colors (무료설치)
202,아르테미데 ,"175,000",16,[해외] 아르떼미데 네시노 테이블 램프 오렌지/화이트
203,잭슨카멜레온 ,0,16,Pebble Sofa - fabric 페블 라운지 패브릭소파 (7sizes 9colors)
204,발뮤다 ,"309,000",17,[최종가29.9만][1만쿠폰] 발뮤다 뉴토스터 3.0 + (9만원 상당 정품 사은품)
205,루이스폴센 ,"1,040,000",17,[해외] PH5 펜던트조명 (관부가세/배송비포함)
206,소소낫 ,"8,000",17,1+1 소소 내열유리컵 맥주잔 언더락 420ml
207,L&C stendal ,"316,200",17,[빠른배송] 아르노 체어 Arno Chair 8colors
208,윈도우드레스 ,"17,000",17,[맞춤] 차르르 나비주름 쉬폰커튼
209,한샘 ,"673,550",17,모아 패브릭소파 3인용
210,더셋테이블 ,"38,000",17,릴리 브라스 캔들 홀더
211,리바트 ,"294,000",17,[5%쿠폰]프렌즈아이 1800 슬라이딩전면책장(5색)
212,삼성전자 ,"2,017,100",17,[카드혜택가198만] 공식파트너 비스포크 키친핏 4도어 냉장고 RF60B91C3AP 코타
213,브라운 ,"86,400",17,"BC17W, BC17B 클래식 아날로그 벽시계"
214,키친몰링 ,"3,300",17,루스 유리 화병_3sizes
215,LG하우시스 ,0,17,엑스컴포트 그레이마블/텐더 그레이 XCF3621-11
216,일리  ,"125,250",18,[해외] ★신규색상입고★프란시스 Y3.3 커피머신 + 웰컴캡슐 14개 증정
217,발뮤다 ,"309,000",18,[최종가29.9만][1만쿠폰] 발뮤다 뉴토스터 3.0 + (9만원 상당 정품 사은품)
218,모노와이드 ,"39,500",18,[완제품배송] 모듈 매거진랙 LP수납장 책꽂이 2단
219,렉슨 ,"72,000",18,"미나M LED 버섯램프_(무선충전,생활방수,9색변환) - LH64 9color"
220,로지텍 ,"39,900",18,로지텍 코리아 K380 블루투스 키보드 4colors
221,THE살림 ,"11,900",18,1+1 원터치 화장대 책상 미니 휴지통 3colors
222,베리미 ,"15,900",18,냉장고 자석메모보드 화이트보드_세로형 monthly planner
223,FRITZ HANSEN ,"110,350",18,롱사이즈 입고! [오늘의딜][해외] 프리츠한센 이케바나화병 3size
224,HAY ,"133,000",18,[해외] 포터블 테이블 램프 6colors
225,마이룸 ,"11,900",18,루맥스 슬림형 슬라이딩 리빙박스  3size
226,하츠 ,"330,000",18,CPMB90-WH/BLHZ_몽블랑 후드
227,아틱 ,"32,000",18,DIY 브러쉬 아이섀도우/립스틱 정리함 2type
228,픽켄드 ,"39,900",19,[10%쿠폰] 폭닥폭닥 정말 부드러운 두부이불 사계절 차렵이불세트 20colors
229,에이모노 ,"38,900",19,레트로 스탠드 (6Color)
230,위즈홈 ,"14,500",19,1+1+1 옷장정리 슬라이딩 팬트리 수납정리함 리빙박스
231,한샘 ,"37,905",19,재크플러스 철제 5단 서랍장 (3종/택1)
232,인픽쳐 ,"8,600",19,"알루미늄액자 A1, A2, A3, A4,5070size 5colors"
233,홈앤하우스 ,"22,900",19,원목 치마바지걸이 20개
234,딥디크 ,"71,000",19,[해외] 룸 스프레이 7종 150ml/100ml
235,리베르떼 ,"28,000",19,빈티지 레트로 인테리어 벽시계
236,이케아 ,"29,900",19,LINNMON ADILS 120x60 테이블 책상
237,비알프렌드 ,"29,200",19,미드센츄리 모듈 모니터받침대 강화유리 조절발 선반(3size/4color)
238,이케아 ,"5,900",19,TJENA 파일꽂이 2P세트
239,비믹스(Bmix) ,0,19,INAP EDITION_OCLOCK DESK_02_W 2colors
240,데코지오 ,"19,900",20,[오늘의딜][맞춤] 브라우니 린넨 암막커튼 핀형/아일렛형 33color
241,레시앙뜨 ,"7,500",20,헤링본 사이잘룩 워셔블 러그 카페트 8size 7colors
242,리빙스토리 ,"8,500",20,1+1 원터치 인테리어 미니휴지통 3colors
243,리케 ,"178,000",20,조인 스탠딩 북선반(6COLORS)
244,트라이앵글 ,"36,600",20,줄리앤 커터(Julienne cutter) 만능 채칼 / 줄리엔커터
245,(주)씨밀렉스코리아 ,"149,400",20,"[쿠폰가141,930원] 3+1P래폴드 모듈형 스탠드 가정용 재활용 분리수거함 2color"
246,창안애 ,"9,900",20,[맞춤]차르르 도톰 린넨 거실 나비주름 쉬폰 속커튼
247,샤오미 ,"70,500",20,[해외] T1S 자동 센서 스마트 휴지통 쓰레기통 화이트 4세대
248,발뮤다 ,"499,000",20,발뮤다 더 퓨어 공기청정기 2colors 60㎡ 18평형
249,피카소가구 ,"39,000",20,클릭바텐 홈바 아일랜드식탁의자 2size 2colors
250,창안애 ,"17,100",20,[맞춤] 100% 암막커튼 커텐 안방 거실 방한 방풍 차르르 쉬폰 속지
251,굿픽스 ,"1,900",20,다용도 수납정리함 팬트리 정리 리빙박스
252,이케아 ,"26,500",21,(안전포장) FADO 파도 달 조명 2size / 2colors
253,이케아 ,"54,500",21,헬메르 철제 이동식서랍장 (이중박스포장)
254,창안애 ,"8,900",21,[맞춤/5%추가인하]25mm 알루미늄 블라인드 거실 창문 39colors
255,데코룸 ,"250,000",21,아이언 자작나무 E0등급 원형 테이블 (실버/화이트)
256,렉슨 ,"39,900",21,미나 LED 미니 버섯램프_LH60 12colors
257,오디오테크니카 ,"179,000",21,공식수입원 AT-LP60X 입문용 완전 자동 벨트 드라이브 턴테이블
258,이케아 ,0,21,"TOBIAS 토비아스 의자, 투명/크롬도금"
259,솔빈이네액자가게 ,"4,000",21,인테리어 우드액자 프레임 8종  A1 A2 A3 A4  
260,LG전자 ,"679,000",21,[혜택가 : 52만원]LG시네빔 PF50KA 빔프로젝터 내장배터리
261,마이플랜트 ,500,21,독일토분 표준형 테라코타 빈티지 화분
262,브리타 ,"37,000",21,[브리타] 필터형 정수기 마렐라XL 3.5L+필터 1입
263,하이브로우 ,"17,000",21,밀크 박스 : 4 COLOR
264,스칸디앤홈 ,"7,700",22,[10%쿠폰] 먼지없는 헤링본 사이잘룩 러그 카페트 4colors7size
265,프랑코 ,"35,900",22,프랑코 서랍장 1+1 수납정리함 3colors
266,발뮤다 ,"309,000",22,[최종가29.9만][1만쿠폰] 발뮤다 뉴토스터 3.0 + (9만원 상당 정품 사은품)
267,아라크네 ,"38,800",22,[오늘의딜](1+1) 콤비블라인드 롤스크린 네츄럴 10colors
268,발뮤다 ,"169,000",22,[최종가15.9만][1만쿠폰] 발뮤다 더 팟 전기포트 전기주전자
269,L&C stendal ,"480,000",22,[부분빠른배송] 아키로 426 테이블 2colors (무료설치)
270,FRITZ HANSEN ,"586,000",22,[입고임박]프리츠한센 시리즈 7 체어 (12월입고예정)
271,아르테미데 ,"260,000",22,[해외] 아르떼미데 톨로메오 마이크로 테이블 램프 5color
272,CARL HANSEN & SON ,"724,000",22,[입고임박]칼한센앤선 CH88T 체어(일부12월입고예정)
273,한스코디 ,"12,470",22,오트밀 린넨 테이블보 식탁보 6size
274,THE 100% ,"7,500",22,네스프레소 호환 캡슐 커피 보관함 아크릴 빅큐브 홀더 거치대 돌체구스토 버츄오 일리
275,스튜디오빈랑 ,"109,000",22,올리브나무 열매가 열리는 대형_이태리토분
276,발뮤다 ,"309,000",23,[최종가29.9만][1만쿠폰] 발뮤다 뉴토스터 3.0 + (9만원 상당 정품 사은품)
277,솔빈이네액자가게 ,"4,000",23,인테리어 우드액자 프레임 8종  A1 A2 A3 A4  
278,참라이팅 ,"4,700",23,LED T5 간접조명_6colors
279,벨라쿠진 ,"30,900",23,304스테인리스 음식물 쓰레기통 3L
280,리빙해피 ,"14,800",23,[세제랙+스티커 증정] 304스텐 일반형 세제수세미랙
281,발뮤다 ,"430,000",23,발뮤다 에어엔진 공기청정기 2colors 60㎡ (18평형)
282,딥디크 ,"44,800",23,[해외] 캔들 8종 70g/190g
283,페인트인포 ,"3,500",23,원터치 와이어 액자걸이 3colors
284,삼성전자 ,"928,100",23,삼성 비스포크 직수형 냉/온 정수기 RWP71411AAP 빌트인정수기
285,플렌스테드 ,"55,100",23,FLENSTED MOBILES 모빌 - 신기루 fatamorgana
286,아메리칸스탠다드 ,"294,200",23,CCASF516 플랫 반다리 일체형 세면기
287,원탭스 ,"8,800",23,욕실 휴지걸이(2400) 실버/블랙
288,영가구 ,"29,900",24,베가 폴라 투명 접이식의자 17colors(대량구매 추가할인)
289,스칸디앤홈 ,"7,700",24,[10%쿠폰] 먼지없는 헤링본 사이잘룩 러그 카페트 4colors7size
290,리샘 ,"31,900",24,일반/대형 전신거울 3colors
291,오이엔퍼니처 ,"91,200",24,[7%쿠폰] 모듈선반 툴랙001 GL_HALF 10colors
292,"oth, ","60,140",24,Switzerland fabric poster/curtain 135x230cm
293,오트밀하우스 ,"76,900",24,[5%쿠폰] 로지 원형 카페 테이블 800 3colors
294,"oth, ","41,710",24,HanRiver fabric poster/curtain ver1/ver2
295,까사마루 ,"32,900",24,다용도 매직 파티션 S/M/L 3size
296,postershopkr ,"13,600",24, Switzerland #1
297,더프리그 ,"32,900",24,[단독] 체커보드 단모 사계절 러그 카페트 2color 3size
298,스타일링홈 ,"65,900",24,[오늘의딜][5%쿠폰]사박사박 컬러풀 겨울감성 60수 호텔식 차렵이불세트SS/Q
299,이케아 ,"33,600",24,(안전포장) TARNABY 테르나뷔 단스탠드 밝기조절 5colors
300,아리아퍼니쳐 ,"44,900",25,STB 다용도 수납벤치 수납함 2size 3colors (벤치쿠션추가구매)
301,발뮤다 ,"309,000",25,[최종가29.9만][1만쿠폰] 발뮤다 뉴토스터 3.0 + (9만원 상당 정품 사은품)
302,애시드로우 ,"33,500",25,(대형사이즈주문가능) 홈데코 인테리어 포스터  MATINEE
303,이즈리빙 ,"34,900",25,2+2 슬라이딩 리빙박스 
304,삼성전자 ,"138,000",25,비스포크 23L 전자레인지 MS23T5018AW 퓨어화이트 터치식
305,한샘 ,"165,205",25,샘키즈 수납장 1305 모던 8colors
306,커먼테이블 ,"229,000",25,소파테이블 3colors
307,참라이팅 ,"4,700",25,LED T5 간접조명_6colors
308,마이플랜트 ,500,25,독일토분 표준형 테라코타 빈티지 화분
309,렉슨 ,"92,000",25,"미나L LED 버섯램프_(무선충전,생활방수,9색변환) - LH65 6color"
310,제네바사운드 ,"1,050,000",25, 블루투스 홈오디오 클래식 M Classic M
311,한샘 ,"133,570",25,샘 책장 5단 80cm 수납형 시공
312,데코라인 ,"185,000",26,코넬 이지 와이드 데스크 책상 1600 4colors
313,비비앤데이 ,"97,000",26,콤브코튼 고밀도 순면 100% 피그먼트 이불커버세트 10color SS/Q
314,&tradition ,"208,000",26,[해외] &Tradition 앤트레디션 플라워팟 포터블 테이블램프 VP9
315,아이닉 ,"499,000",26,[최종가46.9만] 아이닉 무선 물걸레 로봇청소기 i9 +클린스테이션증정
316,가구느낌 ,"99,000",26,암체어 인테리어 카페 라탄의자
317,FRITZ HANSEN ,"586,000",26,[입고임박]프리츠한센 시리즈 7 체어 (12월입고예정)
318,이케아 ,"10,400",26,BUMERANG 옷걸이 8P세트
319,삼성전자 ,"2,017,100",26,[카드혜택가198만] 공식파트너 비스포크 키친핏 4도어 냉장고 RF60B91C3AP 코타
320,삼성전자 ,"418,280",26,[카드혜택가34만원대] 비스포크 큐커 전기오븐 MO22A7797CW 22리터 인증점
321,뚜누 ,"21,900",26,Light&Dark 포스터
322,vitra ,"2,634,000",26,비트라 노구치 커피 테이블 (6개월소요예정)
323,무니토 ,0,26,COMFY SOFA A+B
324,모슈 ,"99,000",27,테이블 전기포트 3colors
325,고미플라워 ,"99,000",27,여인초 대형 테라조 화분세트_3sizes
326,블루밍홈 ,"12,200",27,[5%쿠폰] 네이쳐 원목스툴 12colors
327,디얼리빙 ,"11,500",27,논슬립 성인 철제옷걸이 50개 2colors
328,솔빈이네액자가게 ,"4,000",27,인테리어 우드액자 프레임 8종  A1 A2 A3 A4  
329,드롭드롭드롭 ,"75,600",27,소프트쉬폰커튼 UP HILL AND DOWN
330,HICKIES ,"15,900",27,파우더룸 화장품 수납정리 투명 아크릴 서랍 시리즈
331,아르테미데 ,"175,000",27,[해외] 아르떼미데 네시노 테이블 램프 오렌지/화이트
332,RICHARD LAMPERT ,"1,330,000",27,[빠른배송] 리차드 램퍼트 아이어만 2 다이닝 테이블 화이트 멜라민 1600/2000
333,플래니크 ,"6,100",27,루스커스 생화
334,JAJU(자주) ,"6,700",27,자주 쓰는 고무장갑 3P_36cm  (3컬러)
335,라이브워크 ,"11,100",27,리틀띵스 원형 러그 카페트 4type
336,HAY ,0,27,"물병 Jug S/L, 2colors"
337,일룸 ,"439,000",27,[쿠폰할인] 헤이즐 무헤드 평상형 퀸 침대 프레임(Q)
338,vitra ,"52,000",27,[해외]비트라 툴박스
339,레어로우 ,"180,000",27,플릿 테이블 3colors
340,마틸라 ,"36,900",28,[최대2만원쿠폰]복숭아촉감 먼지없는 스테이 차렵이불세트 SS/Q/K 10colors
341,마켓비 ,"11,900",28,[5%쿠폰]VARNA 단스탠드 6colors E14 KS2246T
342,메이드모드 ,"2,500",28,포송 양귀비 가지 조화_8color
343,메리그라운드 ,"22,440",28,[맞춤/사은품증정] 나비주름 화이트 암막커튼 맞춤커튼
344,영이오브제 ,"1,700",28,양귀비 조화 11colors
345,이케아 ,"48,000",28,LINNMON 테이블 책상 (ADILS 다리) 100x60
346,이케아 ,"22,900",28,NESNA 침대협탁 202.471.28
347,젊은이마켓 ,"12,900",28,조개 무드등/보석함_2colors
348,봉주르소소 ,"12,800",28, 그란데 메르시 장미 실크플라워
349,안제이 ,"3,300",28,향가득 베스트 구름캔들 5color
350,더프리그 ,"34,900",28,사계절 체크 무드타일 러그 카페트 3size 2color
351,데코뷰 ,"43,900",28,플라워 페르시안 셔닐 사계절러그 3size
352,발뮤다 ,"309,000",29,[최종가29.9만][1만쿠폰] 발뮤다 뉴토스터 3.0 + (9만원 상당 정품 사은품)
353,플랜잇 ,"169,000",29,19일순차출고 노르딕감성 커피머신PCM-NF15 2in1 캡슐겸용(+원두/샷잔)
354,롬버스 ,"46,500",29,"국내생산 토스터랙 3colors (철제 트레이, 전자렌지 선반) 발뮤다겸용"
355,플렌스테드 ,"67,700",29,FLENSTED MOBILES 모빌 - 미래 자연 FUTURA Natura
356,애시드로우 ,"33,500",29,(대형사이즈주문가능) 홈데코 인테리어 포스터  MATINEE
357,월플랜 ,800,29,풀바른벽지 초간단 셀프도배 합지벽지(사은품증정)
358,아이카사 ,"11,400",29,수납 정리함 폴딩박스 M (색상선택)
359,시코코리아 ,"155,000",29,[역대급특가] 22년식 NEW BLDC 시코 폴딩팬 접이형 254D
360,레나에너지 ,"29,800",29,미드센츄리 머쉬룸 단스탠드 버섯 조명 무드등 2colors (10단 밝기조절)
361,딥디크 ,"71,000",29,[해외] 룸 스프레이 7종 150ml/100ml
362,삼화페인트 ,"12,900",29,아이생각 4L 친환경 수성페인트 125colors (내부프로)
363,아르테미데 ,"175,000",29,[해외] 아르떼미데 네시노 테이블 램프 오렌지/화이트
364,창안애 ,"17,300",30,[5%추가인하/맞춤] 원목 오동나무 우드블라인드 42colors
365,올쏘퍼니처 ,"189,000",30,아이비 원목 침대 프레임 (매트리스선택) (슈퍼싱글/퀸)
366,보니애가구 ,"59,800",30,[7%쿠폰] 에클레어 고무나무 원목 식탁의자
367,안제이 ,"1,500",30,영문 빈티지 페이퍼 7p
368,잭슨카멜레온 ,0,30,Pebble Sofa - fabric 페블 라운지 패브릭소파 (7sizes 9colors)
369,아이엔지홈 ,"117,000",30,킨포 높은 거실장 1200 3colors
370,데스커 ,"134,000",30,DSAD612D 1200x600 컴퓨터데스크 5colors
371,플렌스테드 ,"47,700",30,FLENSTED MOBILES 모빌 - 기류 Airflow
372,이크홈 ,"8,900",30,[5%쿠폰] 순수 원목 수납 2단 다용도 선반장 / 협탁 테이블
373,네스프레소 ,"209,000",30,[2만원쿠폰] 네스프레소 버츄오플러스 블랙/화이트/실버/매트블랙 + 캡슐12개포함	
374,이케아 ,"61,500",30,(안전포장) ALANG 알렝 장스탠드 높이조절
375,안제이 ,"22,900",30,벌레퇴치 시나몬 캔들+소품 SET
376,창안애 ,"17,300",31,[5%추가인하/맞춤] 원목 오동나무 우드블라인드 42colors
377,일리  ,"125,250",31,[해외] ★신규색상입고★프란시스 Y3.3 커피머신 + 웰컴캡슐 14개 증정
378,프랑코 ,"7,900",31,EVA 미끄럼방지 고급욕실화 거실슬리퍼 실내화 신발
379,리샘 ,"49,900",31,[5%쿠폰] 대형 와이드 전신거울 700 (일반형) (수도권3일배송)
380,삼성전자 ,"699,000",31,[카드혜택 66만원대]비스포크 상냉장 하냉동 냉장고 RB33A3004AP 333L 
381,위즈홈 ,"11,900",31,이지라인 어깨뿔 방지 옷걸이 20P (세탁소옷걸이 활용가능)
382,블루밍홈 ,"12,200",31,[5%쿠폰] 네이쳐 원목스툴 12colors
383,이블랑 ,"26,900",31,데이라인 60수아사 순면 피그먼트 침대고정패드 SS/Q/K
384,아이레벨 ,"57,200",31,높낮이조절 독서대 4종
385,네이쳐리빙 ,"9,900",31,[5%쿠폰] 논슬립 코팅 1단 바지걸이 20P
386,렉슨 ,"92,000",31,"미나L LED 버섯램프_(무선충전,생활방수,9색변환) - LH65 6color"
387,무인양품 ,"5,900",31,더스트 박스 폴리프로필렌 휴지통 3 size 
388,아이카사 ,"5,700",32,수납 정리함 폴딩 박스 S (색상선택)
389,플렌스테드 ,"67,700",32,FLENSTED MOBILES 모빌 - 미래 자연 FUTURA Natura
390,이케아 ,"9,900",32,Mulig 벽 부착 옷걸이 행거 
391,렉슨 ,"39,900",32,미나 LED 미니 버섯램프_LH60 12colors
392,안제이 ,"1,500",32,영문 빈티지 페이퍼 7p
393,체나레 ,"219,000",32,앤유 버터 E0등급 다용도 3단 높은 수납장 2size
394,이케아 ,"299,000",32,MALM 3단 6칸 서랍장 160x78
395,플렌스테드 ,"67,700",32,FLENSTED MOBILES 모빌 - 미래 블랙 FUTURA
396,홈던트하우스 ,"36,900",32,[5%쿠폰] 조립식 팬트리 철제 수납 선반 앵글
397,홈앤하우스 ,"22,900",32,원목 치마바지걸이 20개
398,&tradition ,"208,000",32,[해외] &Tradition 앤트레디션 플라워팟 포터블 테이블램프 VP9
399,오투가구 ,"395,000",32,[할인쿠폰] 피카 5칸 서랍장
400,THE살림 ,"12,500",33,[1+1] 22년형 국내산 무독성 완벽 물빠짐 욕실화
401,모온 ,"269,000",33,"모온x오늘의집 22년형 오비큠 무선청소기 (+14,000원 상당 추가헤파필터증정)"
402,"oth, ","60,140",33,Switzerland fabric poster/curtain 135x230cm
403,먼데이하우스 ,"34,900",33,[7%쿠폰]  당일출고 C체어 인테리어 식탁의자 4colors
404,아르네야콥센 ,"149,000",33,[해외] 뱅커스 벽시계 2colors 3size 16cm/21cm/29cm
405,더함 ,"290,000",33,2022년형 신제품 더함 43인치 안드로이드 OS11 스마트 TV
406,이케아 ,"103,900",33,(안심포장) TALLBYN 텔뷘 플로어스탠드 135cm
407,한샘 ,320,33,[맞춤] BASIC 콤비 블라인드 퓨어솔리드 9color 
408,살림을 더하다 ,"1,700",33,520ml 원형 디스펜서 샴푸통
409,이케아 ,0,33,"GEMAK 예마크 콜랜더, 오프화이트"
410,백조씽크 ,"305,000",33,SQSR780 사각싱크볼 주방리모델링 +코팅추가 가능
411,벨라이프 ,"8,800",33, 내츄럴 티슈케이스 2color
412,이케아 ,"26,500",34,(안전포장) FADO 파도 달 조명 2size / 2colors
413,아우어룸 ,"129,000",34,(필립스스마트전구증정!) 머쉬룸 장스탠드 순수 국내제작 고퀄리티_5colors
414,일리  ,"125,250",34,[해외] ★신규색상입고★프란시스 Y3.3 커피머신 + 웰컴캡슐 14개 증정
415,발뮤다 ,"309,000",34,[최종가29.9만][1만쿠폰] 발뮤다 뉴토스터 3.0 + (9만원 상당 정품 사은품)
416,포더홈 ,"124,900",34,[5%쿠폰] 플레인 E0등급 2단 1200 선반 수납장/서랍장
417,제일조명 ,"66,000",34,클래식 43 팬던트 조명
418,오그레 ,"49,900",34,[5%쿠폰] 스테인레스 모듈 사이드 테이블 큐브 3colors
419,레시앙뜨 ,"8,500",34,크리미 단모 워셔블 사계절 러그 7size 8color
420,밧드야  ,"24,900",34,18-8 풀스텐 키친랙
421,F5NATURE ,"25,800",34,사각 디퓨저 인테리어소품 홈데코 오브제 디퓨저 방향제
422,노미아 ,"17,400",34,체커보드 러그 매트 미니러그/욕실/화장실/주방/현관 (4 color)
423,써니사이드플랜트 ,"33,500",34,선이 고운 황칠나무+원형토분 대형 인테리어 화분 (2 size)
424,데코뷰 ,"16,900",35,(맞춤/빠른배송) 비침없는 밀크 쉬폰 커튼(나비주름/평식)
425,이케아 ,"26,500",35,(안전포장) FADO 파도 달 조명 2size / 2colors
426,멜팅스튜디오 ,"2,500",35,"[5%쿠폰]나의 유럽 모먼트, 인테리어 액자 포스터 / 18 Orange Tree / "
427,메종드꼼마 ,"39,900",35,톤톤우드 전신거울 400/500/600(원목거치대 포함)
428,데코뷰 ,"28,900",35,데일리 삼각 등쿠션(솜포함) 3size 3colors
429,무아스 ,"39,800",35,플립 탁상시계 
430,오투가구 ,"363,000",35,[할인쿠폰] 스카겐 6칸 와이드 서랍장
431,하우스레시피 ,"12,400",35, 씨티 접이식 테이블 8colors
432,리빙스토리 ,"8,500",35,1+1 원터치 인테리어 미니휴지통 3colors
433,어나더어스 ,"1,630",35,라탄바구니 해초왕골바구니 화분커버 
434,데코뷰 ,"13,900",35,레트로 플라워 식탁보 2size
435,이케아 ,0,35,"TOBIAS 토비아스 의자, 투명/크롬도금"
436,아이엔지홈 ,"157,000",35, 알렉스 1200 더 높은 수납장 올화이트 ALEX
437,아라크네 ,"49,900",35,(1+1) 알루미늄블라인드 (25mm 투코드)
438,히츠키코보 ,"9,500",35,심쿵 귀여운 오리가족 오리 수저 받침대 6P세트
439,이케아 ,"48,900",35,HELMER 6단 이동식 서랍장 4colors
440,데코뷰 ,"16,900",36,(맞춤/빠른배송) 비침없는 밀크 쉬폰 커튼(나비주름/평식)
441,브릭나인 ,"310,000",36,브릭나인 인테리어 벽난로
442,룸스토어 ,700,36,[오늘의딜]만능 풀바른 벽지 간편 셀프도배 합지벽지 (사은품 증정)
443,오투가구 ,"363,000",36,[할인쿠폰] 스카겐 6칸 와이드 서랍장
444,일리  ,"125,250",36,[해외] ★신규색상입고★프란시스 Y3.3 커피머신 + 웰컴캡슐 14개 증정
445,꾸미까 ,900,36,튤립 가지 조화 1p 7colors
446,롬버스 ,"46,500",36,"국내생산 토스터랙 3colors (철제 트레이, 전자렌지 선반) 발뮤다겸용"
447,영가구 ,"89,500",36,모나 컨테이너360 트롤리 6colors
448,아빠가만든공간 ,"44,000",36,코지 우드 플리츠 단스탠드 4color (기본전구증정)
449,사무엘스몰즈 ,"55,000",36,ORIGINAL 2C Multi Plug 4colors
450,핀카 ,"18,700",36,New 체커보드 발매트 주방매트 11colors 2size
451,플렌스테드 ,"67,700",36,FLENSTED MOBILES 모빌 - 미래 블랙 FUTURA
452,현대L&C ,"4,000",37,인테리어 필름 무광 시트지 단색 60colors
453,참라이팅 ,"4,700",37,LED T5 간접조명_6colors
454,지엠퍼니처 ,"27,500",37,[5%쿠폰] 프리미엄 에펠체어 5colors
455,&tradition ,0,37,[해외]플라워팟 VP1 펜던트 matte white
456,노랑조명 ,"42,600",37,LED 원형 벽등 무드등_2colors
457,던에드워드 ,"26,000",37,슈프리마 친환경 수입 페인트 1L/4L 벽지용 방문용
458,모카바스 ,"56,180",37,전면 거울 여닫이 도어 3단 욕실 수납장 욕실장
459,문고리닷컴 ,"18,000",37,아카시아 원목 조립마루 데크타일 10P 헤링본
460,포유라이팅 ,"67,000",37,무드 벽등 원형 화이트 블랙 12W 18W 전구색
461,이케아 ,0,37,"GODMORGON 고드모르곤 세면대2단하부장, 화이트스테인 참나무무늬"
462,하츠 ,"1,500,000",37,ELICA Zenith 가스렌지후드
463,코토세라믹 ,"257,000",37,세이션 탑볼 세면기 -캡슐형
464,이프자인 ,"39,900",37,샤이니 벽걸이 전신거울
465,GALON (갈롱) ,"1,080,000",37,엠버 템바보드 원형 세라믹 6인용 식탁
466,오리엔탈무드 ,"39,800",37,그린 모멘티 대형 유리화병 2size
467,제이픽스  ,"288,000",37,타이디 심플 패브릭 3인용 소파
468,플렌스테드 ,"67,700",38,FLENSTED MOBILES 모빌 - 미래 자연 FUTURA Natura
469,이케아 ,"9,900",38,Mulig 벽 부착 옷걸이 행거 
470,렉슨 ,"39,900",38,미나 LED 미니 버섯램프_LH60 12colors
471,사무엘스몰즈 ,"55,000",38,ORIGINAL 2C Multi Plug 4colors
472,이케아 ,0,38,NYMANE 뉘모네 장스탠드 (박스안전포장) 
473,크로우캐년 ,"20,000",38,D11_마블 머그_6color (340ml)
474,아르테미데 ,"177,000",38,[해외] 정품 네시노 테이블 램프  (관부가세/배송비포함)
475,삼화페인트 ,"12,900",38,아이생각 4L 친환경 수성페인트 125colors (내부프로)
476,아르테미데 ,"175,000",38,[해외] 아르떼미데 네시노 테이블 램프 오렌지/화이트
477,써니사이드플랜트 ,"33,500",38,선이 고운 황칠나무+원형토분 대형 인테리어 화분 (2 size)
478,진심감성 (리빙) ,"18,900",38,논슬립 어깨뿔방지 니트 정장 맨투맨 옷걸이 30개 5colors
479,트리빔하우스 ,"18,900",38,라인프레임 전신거울 거치형 2size 3colors(300/400)
480,데코뷰 ,"68,500",39,[오늘의딜]사각사각 알러지케어 호텔 이불커버세트/풀세트 5colors 3size
481,창안애 ,"17,000",39,[5%추가인하/맞춤] 물청소가능! 친환경 우드폼 거실 창문 블라인드 14colors
482,에어론 ,"39,800",39,리버서블 오피스 데스크 책상/테이블 600~2400mm(2colors)
483,Rome&Glas ,"29,900",39,[해외] 머쉬룸 버섯무드등 테이블 단스탠드 (전구포함)
484,생활지음 ,"85,000",39,올라 바스툴 홈바 의자
485,이이공브이샵 ,"18,000",39,포스트모던 오브제 컬러 데스크 모빌
486,젊은이마켓 ,"2,900",39,모노 가죽 각티슈커버 10colors
487,잭슨카멜레온 ,0,39,Pebble Sofa - fabric 페블 라운지 패브릭소파 (7sizes 9colors)
488,무인양품 ,"79,900",39,전기주전자
489,나무뜰 ,"40,900",39,코젯 원형 스툴 화장대 의자 SRS001C
490,의자왕 ,"40,900",39,사무용/컴퓨터 메쉬의자 801 FRAME
491,이우아여사 ,"1,500",39,스테인레스 다용도 고리 집게6P
492,가또블랑코 ,"129,000",39,아이언 캣폴 3단 아이언세트 캣타워
493,네스프레소 ,"166,000",39,[2만원쿠폰]공식인증 에센자 미니 C30 블랙/화이트 2colors +캡슐14개 포함
494,뉴앤룩 ,"2,000",39,사각 핸드워시 거품용기 바디워시 리필공병
495,니코트 ,"2,500",39,우드 플레이트 round 4size
496,영가구 ,"29,900",40,베가 폴라 투명 접이식의자 17colors(대량구매 추가할인)
497,베이직톤 ,"64,900",40,[10%쿠폰] 클린코튼 고밀도 순면60수 호텔식 차렵이불 친환경 옥수수솜6색상
498,당신의온실 ,"54,000",40,웨이브미러 M
499,오트밀하우스 ,"69,000",40,[5%쿠폰] 엘리 라운드 스탠드 전신거울 2size
500,먼데이하우스 ,"34,900",40,[7%쿠폰]  당일출고 C체어 인테리어 식탁의자 4colors
501,포엠홈 ,"7,900",40,[당일출고] 루네스 화이트 벽걸이 꼭꼬핀 벽선반
502,일리  ,"90,400",40,카드혜택가 8.4만원 [해외] 프란시스 Y3.3 커피머신+웰컴캡슐 14개 증정
503,안제이 ,"3,400",40,우드코스터 캔들트레이 
504,더프리그 ,"149,000",40,DIY 모듈가구 480 상단서랍 (2단x1열)7color
505,뉴앤룩 ,"2,400",40,폴리 공병 샴푸 디스펜서 / 핸드워시 리필용기 3colors
506,레벤데코 ,"3,100",40,다용도 이중캡 밀폐커버 물티슈케이스
507,프랑코 ,"17,900",40,원터치 슬림휴지통 틈새휴지통(10L) 2colors
508,스칸디앤홈 ,"7,700",41,[10%쿠폰] 먼지없는 헤링본 사이잘룩 러그 카페트 4colors7size
509,에이비퍼니쳐 ,"37,900",41,빈 DSS 인테리어체어 9colors
510,창안애 ,"8,900",41,[맞춤/5%추가인하]25mm 알루미늄 블라인드 거실 창문 39colors
511,메종드룸룸 ,"33,900",41,어바웃타임 9종 패브릭 포스터 / 가리개커튼
512,라튤립 ,"22,400",41,알러지케어 향균 소프트 데일리 매트리스커버 SS/Q/K 13color
513,네이쳐리빙 ,"4,900",41, [10%쿠폰] (기간한정)네이쳐 양모 먼지털이개_3size
514,마켓비 ,"49,900",41, FIHA 서랍장 2.2단 5colors
515,마이플랜트 ,500,41,독일토분 표준형 테라코타 빈티지 화분
516,HICKIES ,"7,100",41,Urban 인테리어 투명 아크릴 한국형 티슈 휴지케이스
517,더프리그 ,"21,100",41,세라믹 오브제 트레이 다용도 바구니 바스켓 카페 인테리어 소품- 2type
518,agt ,"17,000",41,Solid color cotton pillow cover 11color
519,villa501 ,"42,000",41,TEXTURED 코튼 러그 카페트 3size
520,클린업 ,80,42,북유럽 패턴타일 코일매트 135종
521,cocon ,"118,400",42,에브리데이 코튼 이불커버세트 SS/Q/K/LK 25colors
522,데코라인 ,"179,000",42,보노 수납형 아일랜드 홈바 LPM식탁 1200 2colors
523,유어그라피 ,"4,900",42,심플 알루미늄 액자 플랫 프레임 5x7 6x8 8x10 A4 A3 A2 A1 (YG)
524,한샘조명 ,"32,900",42,(포토후기 사은품) 누텔라 머쉬룸 단스탠드
525,시라쿠스 ,"7,230",42,뉴욕 레귤러 커피잔 카푸치노잔 찻잔세트 (200ml) 
526,까사라움 ,"99,000",42,블라인드 원목 인테리어 가벽 파티션 3color
527,벤자민무어 ,"36,500",42,벽지/벽면/천장 페인트 벤 (1L/4L)
528,네스프레소 ,"209,000",42,[2만원쿠폰] 네스프레소 버츄오플러스 블랙/화이트/실버/매트블랙 + 캡슐12개포함	
529,장미맨숀 ,"339,000",42,[5%쿠폰]소냐 라탄 원목 그릇장
530,꾸미까 ,"1,300",42,레터링 양념병 스티커 양념통 사각 대 유리병 (6type)
531,채움가구 ,"195,000",42,[단독] 딜라잇 아쿠아텍스 1인 소파(좌/우 팔걸이형)
532,마켓비 ,"95,000",43,MKB 캐비넷 가로양문 TV스탠드 1150590
533,이케아 ,"36,500",43,(안전포장) FORSA 포르소 작업등 단스탠드 8colors
534,영가구 ,"118,000",43,레스카체어 암체어 2colors(대량구매 추가할인)
535,캥거 ,"29,800",43,"[2,000원쿠폰]밝기/빛색상변경 무선충전형 머쉬룸 단스탠드 조명6colors KGA-55"
536,한샘 ,"39,805",43,재크 철제 6단 서랍장(5종/택1)
537,유텐 ,"49,000",43,스토리지보드 4colors
538,블루밍홈 ,"12,200",43,[5%쿠폰] 네이쳐 원목스툴 12colors
539,네이쳐리빙 ,"15,500",43,올스텐 물빠짐 수세미 거치대 (디스펜서+스티커 증정!)
540,소담갤러리 ,"76,000",43,[5%쿠폰] 호보 라운드 1200 컴퓨터 스틸 책상 2color
541,렉슨 ,"72,000",43,"미나M LED 버섯램프_(무선충전,생활방수,9색변환) - LH64 9color"
542,코코도르 ,"21,900",43, (1+1+1+1) 코코도르 200ml + 사은품 증정
543,유어그라피 ,"4,900",43,심플 알루미늄 액자 플랫 프레임 5x7 6x8 8x10 A4 A3 A2 A1 (YG)
544,영가구 ,"29,900",44,베가 폴라 투명 접이식의자 17colors(대량구매 추가할인)
545,양키캔들 ,"39,900",44,양키캔들 라지자27종 1+1
546,오디오테크니카 ,"329,000",44, 올 화이트 리미티드 에디션 AT-LP60XBT WW 완전 자동 벨트 무선 턴테이블
547,브리츠 ,"119,000",44,클래식 스타일 블루투스 스피커 BZ-JB5606
548,마키나랩 ,"179,000",44,all new 25리터 올스텐 에어프라이어 오븐 로티세리 AFS26A
549,폴라앳홈 ,"11,000",44,[5%쿠폰] 국내생산! 마카롱 한식 수저세트 4colors
550,브레빌 ,"659,900",44,[해외] 커피머신 BES870 바리스타 익스프레스 (관부가세별도)
551,시라쿠스 ,"4,670",44,뉴욕 원형 접시 디저트 플레이트 S사이즈 (16cm)
552,밍이네가든 ,500,44,독일 토분_표준
553,하우스레시피 ,"14,900",44,PP라탄 ver.2 손잡이 직사각 바스켓
554,레보떼 ,"14,500",44,다용도 접이식 쇼핑카트 핸드카트 폴딩카트 본체+덮개+사은품(로프)
555,LG전자 ,"875,000",44,LG 퓨리케어 360도 2단 공기청정기 AS281DWFC 클린부스터
556,모나코올리브 ,"8,900",45,[10%쿠폰]원터치 와이드 화이트 휴지통 10L
557,집드리 ,"48,900",45,[해외] Years stay 감성 블루투스 레코드 턴테이블 LP플레이어 
558,에이치앤아이 ,"91,900",45,5단 360도 회전 이동식 네모 트롤리 6colors
559,"oth, ","60,140",45,Switzerland fabric poster/curtain 135x230cm
560,베스트조명 ,"36,000",45,파파 LED 와이드스탠드_2colors
561,오투가구 ,"109,000",45,[할인쿠폰] 스카겐 북케이스
562,감성다는남자 ,"8,900",45,못없이 커튼봉! 안뚫어고리 못없이 달기 버전4 2개
563,포에트리앤스페이스 ,"78,850",45,킵 페이퍼 - 우드 데스크 서류 보관함 
564,퍼니키친 ,"7,200",45,레트로 무광 카페머그컵 350ml (4color)
565,벨로코 ,"16,900",45,순면 퓨어리 매트리스커버(S/SS/D/Q/K) 13color
566,한빛카페트 ,"16,900",45,[10%쿠폰] 에코퍼 장모 양털 양모 러그 카페트 4size 6color
567,오투가구 ,"640,000",45,[할인쿠폰] 피카 쉘프 캐비닛
568,두닷 ,"119,000",46,[5%쿠폰] 밀라노 1500 북선반 5colors
569,쓰임 ,"16,900",46,마리벨 물빠짐 수저통 3P 세트 (4color)
570,레이디가구 ,"399,000",46,[5%쿠폰] NEW 로맨틱1 신혼 원목침대 프레임 슈퍼싱글/퀸 (매트리스포함)
571,레이디가구 ,"499,000",46,[5%쿠폰] 반달 모듈형 아쿠아텍스 기능성 패브릭소파 3인용 라운지(쿠션증정)
572,레벤데코 ,"3,100",46,다용도 이중캡 밀폐커버 물티슈케이스
573,이케아 ,"11,900",46,TRENSUM 탁상 거울
574,페페무드 ,"8,700",46,큐브 캔들  오브제캔들 필라 디자인 양초
575,히트조명 ,"46,700",46,우드함 1등 펜던트 조명 (B타입)
576,한샘 ,"61,750",46,아임빅 라운드협탁 4colors
577,LG전자 ,0,46,클래식 TV  32LN630R
578,영이오브제 ,"16,500",46,벨르 도자기 화병 세라믹 오브제
579,룸앤홈 ,"15,900",46, 모노 라운드 접이식 테이블 3size 3colors
580,에어블로우 ,"399,000",46,실링팬 C-2 132cm(52inch) 17cm 초슬림 디자인
581,레이디가구 ,"289,000",46,[5%쿠폰](방수커버증정) 코코 스칸딕 원목 저상형 아기침대 프레임/데이베드
582,리바트 ,"160,000",46,[5%쿠폰] NEW 꼼므 1200 아이책상+의자세트 (화이트/베이지)
583,정리중독 ,700,46,팬트리 리빙박스 수납 정리함 트롤리 펜트리 바구니 5종
584,두닷 ,"119,000",47,[5%쿠폰] 밀라노 1500 북선반 5colors
585,이케아 ,"26,500",47,(안전포장) FADO 파도 달 조명 2size / 2colors
586,에이치앤아이 ,"91,900",47,5단 360도 회전 이동식 네모 트롤리 6colors
587,메종드룸룸 ,"49,900",47,[10/18 예약판매 타일러그_80x170cm] 모던 패턴러그 4type
588,발뮤다 ,"309,000",47,[최종가29.9만][1만쿠폰] 발뮤다 뉴토스터 3.0 + (9만원 상당 정품 사은품)
589,믹스앤매치 ,"39,900",47,[15%쿠폰/단독]말캉!마시멜로우 워싱 항균 이불베개세트 2size 8color
590,더프리그 ,"32,900",47,[단독] 체커보드 단모 사계절 러그 카페트 2color 3size
591,이케아 ,"10,700",47,MAMMUT 어린이 스툴
592,postershopkr ,"13,600",47,"빛이 가득한 포스터, Le Mans #1"
593,오그레 ,"35,000",47,[5%쿠폰] 스테인레스 라운드 스툴
594,나인웨어 ,"42,900",47,볼륨 식기건조대 와이드
595,이케아 ,"124,900",47,EKET 에케트 수납장+도어2+선반1 70x25x70cm/70x35x70cm
596,이케아 ,"48,000",48,LINNMON 테이블(100X60)+ADILS 기본다리세트
597,이케아 ,"22,900",48,GLADOM 글라돔 사이드 트레이 테이블 5colors
598,바자르 ,"29,900",48,[오늘의딜][5%쿠폰][단독] 미드나잇 고밀도 코튼 매트리스커버 10colors
599,이케아 ,"31,500",48,(안전포장) TERTIAL 테르티알 작업등 단스탠드 4colors
600,이케아 ,"19,900",48,(안전포장) TAGARP 토가르프 장스탠드 (상향등)
601,솔빈이네액자가게 ,"4,000",48,인테리어 우드액자 프레임 8종  A1 A2 A3 A4  
602,이케아 ,"189,900",48,[리퍼] EKTORP 암체어 1인 소파
603,데코뷰 ,"18,000",48,우드핸들 화이트 철제 바스켓
604,이케아 ,"7,500",48,BURHULT/SIBBHULT 벽선반 세트
605,에이미루시 ,"23,900",48,베어스마켓 패브릭포스터 50x70cm 
606,몽생드랑 ,"91,000",48,[맞춤] 60수 상스 고밀도 바이오워싱 매트리스커버
607,이케아 ,"24,000",48,TERTIAL 단스탠드/작업등 E26 2colors
608,매스티지데코 ,"190,000",49,[할인쿠폰] 루아드 사이드 장식장
609,발뮤다 ,"169,000",49,[최종가15.9만][1만쿠폰] 발뮤다 더 팟 전기포트 전기주전자
610,스코나 ,"25,000",49,타원 화장대거울 5colors
611,니코트 ,"15,900",49,대추나무 천연 옻칠 우드 4인 수저세트 (+예쁜포장)
612,두닷모노 ,"75,000",49,[5%쿠폰] 마틸다A 아치형 전신거울 2size(400/600)
613,블레오 ,"11,900",49,[해외] THE BIGGEST! 미끄럼방지 상어 화장실 욕실화 욕실 구름 슬리퍼
614,탁가온 ,"30,200",49,감성도자기 수저통 L  3colors
615,THE살림 ,"11,900",49,1+1 원터치 화장대 책상 미니 휴지통 3colors
616,일룸 ,"499,000",49,레마 카페장 1000폭 인출형
617,제일조명 ,"99,000",49,클래식 팬던트 조명_500파이(7colors)
618,리빙숲 ,"14,900",49,오로키친 수세미걸이+디스펜서 세트
619,뉴앤룩 ,"3,000",49,규조토 칫솔꽂이 스탠드 4colors
620,올루미 ,"16,900",50,[10%쿠폰] 오로라 단스탠드(전구 증정 이벤트)
621,한빛카페트 ,"7,900",50,[10%쿠폰][오늘의딜]헤링본 워셔블 사이잘룩 사계절 러그카페트 9size 8color
622,밝히는가온 ,"7,900",50,무선 LED 멀티탁 센서등 무드등 조명(건전지)
623,에이센트 ,"9,900",50,NEW향출시! (3+1) 천연디퓨저 200ml 28가지 향기 드라이플라워 증정
624,위즈홈 ,"11,700",50,13cm 이동식 틈새 수납선반 3단 틈새수납장
625,아이닉 ,"179,000",50,"[최종혜택가 159,000원] 아이닉 대용량 스텐 에어프라이어 3colors"
626,이케아 ,"54,500",50,헬메르 철제 이동식서랍장 (이중박스포장)
627,밧드야  ,"36,800",50,[단독특가][무료배송] 음쓰통계의 샤넬! 18-8 풀스텐 음식물쓰레기통 3L
628,마틸라 ,"39,900",50,[최대2만원쿠폰]마일드 모달 와플 이불 SS/Q 10colors
629,매직캔 ,"35,500",50,[오늘의딜] 냄새잡는 휴지통 신상 히포크롬 일반히포 21L 27L
630,누베스 ,"14,600",50,[맞춤] 오동나무 셀프 우드 블라인드 20colors
631,마켓비 ,"26,900",50,  DUGLAS 선반  3단 아카시아
632,데코뷰 ,"21,900",51,[맞춤] 화이트 쉬폰 나비주름 커튼
633,가쯔 ,"5,900",51, 재입고! 일반형 규조토 발매트 욕실매트 2colors 3size
634,데일리라이크 ,"3,450",51,와이어 레터링 6종 
635,레벤데코 ,"4,600",51,대용량 이중캡 밀폐커버 물티슈케이스 (100매용)
636,슬리머 ,"11,500",51,"[쿠폰가10,925원] 심플무지 사각 원터치 종량제 휴지통 화장실 쓰레기통 10/20L"
637,피오센트 ,"2,100",51,"(공식수입) 사티아 나그참파 인센스스틱 15g 38종 모음/방갈로르,뭄바이 제조"
638,라운드라운드 ,"265,000",51,아치형 이동식 파티션 가벽 셀프인테리어 원룸 거실 공간분리 Type-A
639,딥디크 ,"44,800",51,[해외] 캔들 8종 70g/190g
640,이케아 ,"41,400",51,트로드프리 리모컨 + 스마트전구 E26 1055루멘 9.5W 3색
641,디어로프트 ,"19,000",51,화이트 세라믹 인센스 홀더 트레이
642,플로렌시아소품샵 ,990,51,유칼립투스 조화
643,VIVA ,"24,000",51,406스퀘어 에그 방문손잡이 문손잡이 문고리
644,베스트리빙 ,"33,900",52,[7%쿠폰] 애슐리 원목 전신거울 3colors
645,오트밀하우스 ,"69,000",52,[5%쿠폰] 엘리 라운드 스탠드 전신거울 2size
646,먼데이하우스 ,"209,000",52,[7%쿠폰]  MASS 아쿠아텍스 2인소파 2colors
647,창안애 ,"8,900",52,[맞춤/5%추가인하]25mm 알루미늄 블라인드 거실 창문 39colors
648,오투가구 ,"109,000",52,[할인쿠폰] 스카겐 북케이스
649,이케아 ,"33,600",52,(안전포장) TARNABY 테르나뷔 단스탠드 밝기조절 5colors
650,트렌데코 ,"28,350",52,(빠른배송) 쉬폰 커튼 코랄 가든
651,오투가구 ,"289,000",52,[할인쿠폰] 스카겐 3단 콘솔
652,솔빈이네액자가게 ,"4,000",52,인테리어 우드액자 프레임 8종  A1 A2 A3 A4  
653,바자르 ,"32,900",52,슬립 워싱 광목 이불커버 (SS/QK겸용) 2colors
654,LG전자 ,"679,000",52,[혜택가 : 52만원]LG시네빔 PF50KA 빔프로젝터 내장배터리
655,메종드룸룸 ,"16,000",52,랑데뷰 체크 베개커버 17color
656,GAKYU ,"2,500",53,[10%쿠폰] 무료배송! 모던 라운드 리빙박스 시리즈 8size 
657,카모메키친 ,"19,400",53,베스트셀러! 카모메 수저 4인세트 10colors
658,당신의온실 ,"27,000",53,웨이브미러 S
659,허스탈 ,"89,100",53,[해외] 비엔다 플로어 램프 white-glass
660,마이플랜트 ,500,53,독일토분 표준형 테라코타 빈티지 화분
661,아르네야콥센 ,"149,000",53,[해외] 뱅커스 벽시계 2colors 3size 16cm/21cm/29cm
662,시라쿠스 ,"14,600",53,시라쿠스 메이플 컬렉션 그릇 파스타볼 (23cm)
663,삼성전자 ,"928,100",53,삼성 비스포크 직수형 냉/온 정수기 RWP71411AAP 빌트인정수기
664,로젠달 ,"96,100",53,[해외] 로젠달 아르네야콥센 탁상시계 모음
665,삼성전자 ,"1,115,000",53,[혜택가108만]비스포크 에어드레서 의류청정기 대용량5벌 DF10A9500KS 글램 블랙
666,바흐만 ,0,53,[해외] 트위스트 2way 파워 콘센트 디자인 소켓 매립형
667,웜그레이테일 ,"23,000",53,Heart Rabbit Square 2colors
668,아엠홈 ,"19,900",54,[오늘의딜][5%쿠폰] 비침없는 도톰 레이스/쉬폰커튼(나비주름/핀형/봉집)
669,yeyecompany ,"87,900",54,[5%쿠폰] 모듈가구 003(3단) 6colors
670,밧드야  ,"36,800",54,[단독특가][무료배송] 음쓰통계의 샤넬! 18-8 풀스텐 음식물쓰레기통 3L
671,모도리 ,"74,900",54,누적판매 19만개! 오리지널 스테디셀러! 깔끔 도마 풀세트 
672,멜팅스튜디오 ,"2,500",54,"[5%쿠폰]나의 유럽 모먼트, 인테리어 액자 포스터 / 08 Le Beau Temps / "
673,페페무드 ,"8,700",54,큐브 캔들  오브제캔들 필라 디자인 양초
674,이케아 ,"18,200",54,BRUNBJORN 곰인형
675,진심디자인 ,"12,900",54,도자기화병 샌드화병 모던 세라믹 오브제 라운디
676,소르니아 ,"294,900",54,뉴 수플레 와이드 베이비장 세트 1600 (포토후기이벤트)
677,비믹스(Bmix) ,"33,000",54,오클락 세라믹 탁상시계_2types
678,레트로하우스 ,"138,900",54,크리미 HPM 반타원 원목테이블 1400 (단품)
679,한샘 ,"119,605",54,클린트 어반 사이드테이블_라운드
680,밝히는가온 ,"7,900",55,무선 LED 멀티탁 센서등 무드등 조명(건전지)
681,데코뷰 ,"16,900",55,(맞춤/빠른배송) 비침없는 밀크 쉬폰 커튼(나비주름/평식)
682,이케아 ,"47,900",55,RASKOG 로스코그 카트 트롤리 웨건 3colors
683,데코지오 ,"19,900",55,[오늘의딜][맞춤] 브라우니 린넨 암막커튼 핀형/아일렛형 33color
684,밧드야  ,"36,800",55,[단독특가][무료배송] 음쓰통계의 샤넬! 18-8 풀스텐 음식물쓰레기통 3L
685,오트밀하우스 ,"69,000",55,[5%쿠폰] 엘리 라운드 스탠드 전신거울 2size
686,네이쳐리빙 ,"8,900",55,1+1 데이지가든 내츄럴 PP 라탄 바구니 4size
687,발뮤다 ,"309,000",55,[최종가29.9만][1만쿠폰] 발뮤다 뉴토스터 3.0 + (9만원 상당 정품 사은품)
688,캠프밸리 ,"97,000",55,[5%쿠폰] 릴렉스 밀란쇼파 수유의자 5colors
689,창안애 ,"8,900",55,[맞춤/5%추가인하]25mm 알루미늄 블라인드 거실 창문 39colors
690,루씨에어 ,"441,000",55,루씨에어 실링팬 레이더 (한국공식수입원_A/S가능)
691,아카시아 ,"4,500",55,우드 접시꽂이 3사이즈
692,네이쳐리빙 ,"17,900",56,[5%쿠폰][오늘의딜] 모던 트롤리 스윙 3단 빨래바구니
693,창안애 ,"17,000",56,[5%추가인하/맞춤] 물청소가능! 친환경 우드폼 거실 창문 블라인드 14colors
694,한샘주방 ,"31,900",56,[단독특가] 한샘몰PICK 클로이 조리도구 키친툴 7P세트 3colors 
695,삼성전자 ,"699,000",56,[카드혜택 66만원대]비스포크 상냉장 하냉동 냉장고 RB33A3004AP 333L 
696,플러스마이너스제로 ,"145,000",56,[국내정품] 리빙팬 Z710 3 Colors (화이트/옐로우/퍼플)
697,706하우스 ,980,56,매직 케이블 전선 정리 책상 컴퓨터 선정리 커버 가리개 강아지 고양이 선 줄 보호
698,지누스 ,"369,950",56,클라우드 플러스 하이브리드 스프링 매트리스 (30cm)
699,이케아 ,0,56,"GURLI 굴리 쿠션커버, 골든옐로우"
700,삼성전자 ,"1,115,000",56,[혜택가108만]비스포크 에어드레서 의류청정기 대용량5벌 DF10A9500KS 글램 블랙
701,삼성전자 ,"1,540,000",56,[멀티형] 무풍에어컨 AF17R7573WZR
702,디어커스 ,"31,800",56,EVA 누볼라 욕실화 다용도화 2세트
703,한샘 ,0,56,유로 503 호텔침대 뉴트럴 화이트 KK 루바형 (매트 별도)
704,어라운드화이트 ,"149,000",57,루시 1200 높은 수납장
705,APLUM ,"26,000",57,북스탠디 수납 책꽂이 북엔드 4colors
706,에이비퍼니쳐 ,"143,900",57,마지오 캔틸레버 가죽 암체어
707,아라크네 ,"49,900",57,(1+1) 알루미늄블라인드 (25mm 투코드)
708,제네바사운드 ,"520,000",57,블루투스 홈오디오 클래식 S Classic S
709,믹스앤매치 ,"79,900",57,[15%쿠폰/단독]퓨어코튼 고밀도워싱 무봉제 침구세트 2size 13colors
710,사이즈오브 ,"179,000",57, 몰입 체어 2colors
711,이케아 ,"21,900",57,스코디스 페그 보드 타공판 메모판 3size (나사못.칼브럭 증정)
712,에듀플레이어 ,"67,800",57,에듀플레이어 EA30 벽걸이 CD플레이어/FM라디오
713,L&C stendal ,"294,139",57,[빠른배송][한정수량] 아르노 체어 Arno Chair (8colors)
714,지누스 ,"241,950",57,얼티마 하이브리드 스프링 매트리스 (30cm)
715,믹스앤매치 ,"76,700",57,[15%쿠폰/단독] 쫀~득한 체온조절 모달100% 마카롱 차렵이불세트 2size6color
716,현대L&C ,"4,000",58,인테리어 필름 무광 시트지 단색 60colors
717,에이치홈 ,"2,900",58,종이 디자인 마스킹 테이프 5p 1set
718,영가구 ,"42,000",58,비야 철제 아일랜드식탁의자 3size 4colors
719,레드코코 ,"26,900",58,[오늘의딜]레트로 캠핑감성랜턴 빈티지 LED 랜턴 차박 램프 무드등
720,마이플랜트 ,500,58,독일토분 표준형 테라코타 빈티지 화분
721,이케아 ,"9,900",58,스쿠브 수납박스 언더베드 침대밑 정리함 이불 옷 3size
722,하이브로우 ,"17,000",58,밀크 박스 : 4 COLOR
723,엘레나하임 ,"33,000",58,[맞춤] 디어 마이 발레리나 쉬폰커튼 크림화이트
724,LG전자 ,"1,530,000",58, LG 스타일러 5벌+1 S5MBAU 블랙틴트미러
725,나인플랜트(NINEPLANT) ,"115,000",58,대형 극락조 고무나무 - 원형 테라조 화분2colors
726,이케아 ,"10,990",58,MOSSLANDA 액자선반
727,플래니크 ,"6,100",58,루스커스 생화
728,홈앤하우스 ,"9,800",59,멀티코팅 바지걸이 10+10 (총20P) 
729,프랑코 ,"35,900",59,프랑코 서랍장 1+1 수납정리함 3colors
730,프랑코 ,"56,900",59,[NEW 단독 올화이트 컬러] 스탠드 가정용 분리수거함3단 +스티커증정
731,한빛카페트 ,"3,100",59,[10%쿠폰][단독] DIY 타일카페트 8color (50x50cm) 1P
732,스피드랙 ,"52,900",59,[5%쿠폰] 경량랙 무볼트 조립식 철제 앵글선반 5단
733,아리아퍼니쳐 ,"99,900",59,Marcus 화이트 원형테이블 900 (의자추가구매)
734,"oth, ","41,710",59,HanRiver fabric poster/curtain ver1/ver2
735,창안애 ,"8,900",59,[맞춤/5%추가인하]25mm 알루미늄 블라인드 거실 창문 39colors
736,지누스 ,"101,000",59,스마트베이스 엘리트 침대 프레임 2colors S/SS/Q
737,이케아 ,"25,500",59,LERBERG 슬림 철제 선반 유닛 2colors
738,프랑코 ,"29,900",59,1+1 리빙박스 62L 대용량 수납정리함
739,렉슨 ,"39,900",59,미나 LED 미니 버섯램프_LH60 12colors
740,한빛카페트 ,"7,900",60,[10%쿠폰][오늘의딜]헤링본 워셔블 사이잘룩 사계절 러그카페트 9size 8color
741,우드리퍼블릭 ,"24,800",60,[5%쿠폰] 비산 파손방지 강화 안전 대형 전신거울 400/600/700
742,이케아 ,"54,500",60,헬메르 철제 이동식서랍장 (이중박스포장)
743,솔빈이네액자가게 ,"4,000",60,인테리어 우드액자 프레임 8종  A1 A2 A3 A4  
744,딥디크 ,"71,000",60,[해외] 룸 스프레이 7종 150ml/100ml
745,L&C stendal ,"480,000",60,[부분빠른배송] 아키로 426 테이블 2colors (무료설치)
746,마이플랜트 ,500,60,독일토분 표준형 테라코타 빈티지 화분
747,HAY ,"282,800",60,[빠른배송] 헤이 보울러 사이드 테이블
748,히츠키코보 ,"18,000",60,밀리 계량 내열 글라스 믹싱볼 3P세트 (렌지 오븐 사용가능)/ 유리볼 샐러드볼
749,루모스 ,"46,500",60,컬러풀 선셋조명 장스탠드/발리 석양 느낌 무드등(국내 인증제품)
750,딥디크 ,"44,800",60,[해외] 캔들 8종 70g/190g
751,아르네야콥센 ,"88,000",60,[해외] 탁상시계 뱅커스 지름 11cm 3colors
752,허니플라밍고 ,"16,200",61,Lyon scented candle_5colors 리옹캔들_스몰사이즈
753,커먼테이블 ,"189,000",61,원형 테이블 3size
754,세잔느화실 ,"6,900",61,캔버스액자 모네-32.바다풍경
755,생활지음 ,"85,000",61,올라 바스툴 홈바 의자
756,드롱기 ,"149,000",61,아이코나 전기토스터 CTOV2003
757,드롱기 ,"149,000",61,아이코나 전기주전자 KBOV2001
758,마이플랜트 ,500,61,독일토분 표준형 테라코타 빈티지 화분
759,소르니아 ,"164,900",61,뉴 수플레 2X3 하우스책장
760,제네바사운드 ,"1,050,000",61, 블루투스 홈오디오 클래식 M Classic M
761,밍이네가든 ,500,61,독일 토분_표준
762,아보드 ,"78,000",61,닥스 우드 두루마리휴지 키친타올 걸이 홀더
763,삼성전자 ,"928,100",61,삼성 비스포크 직수형 냉/온 정수기 RWP71411AAP 빌트인정수기
764,데일리오브젝트 ,"13,800",61,링베이스 도자기 화병 오브제 C
765,르난세 ,"109,000",61,[3천원쿠폰][단독] 휘게 신혼 4인 홈세트 27P + 3칸나눔접시 2P
766,에어라트론 ,0,61,실링팬 AE3+50 화이트
767,TON(톤) ,"175,000",61, 아이로니카체어 내추럴
768,꾸미까 ,"5,000",62,클래식 메탈 트레이(5color)
769,아라크네 ,"48,900",62,(1+1) 우드블라인드 오동나무 원목 38colors
770,믹스앤매치 ,"16,900",62,[10%쿠폰]로이 항균 밴딩 침대패드 SS/Q 12colors
771,멜팅스튜디오 ,"2,500",62,"[5%쿠폰]나의 유럽 모먼트, 인테리어 액자 포스터 / 09 Enough Rest / "
772,바자르 ,"36,900",62,[단독] 미드나잇 ver2. 고밀도코튼 차렵이불세트 SS/Q/K 10colors
773,아이카사 ,"11,400",62,수납 정리함 폴딩박스 M (색상선택)
774,리바트 ,"289,200",62,"[5%쿠폰] 토스트 침대 프레임 (Q, SS) (매트선택)"
775,사운드룩 ,"87,000",62,"돌체 라디오 블루투스  LP턴테이블(화이트,블랙)"
776,에이치홈 ,"2,500",62,데코 원형 스티커_4types 
777,애시드로우 ,"9,500",62,모던인테리어 포스터  modernism 엽서 세트
778,이케아 ,"15,900",62,말호파 알람시계 무소음 디자인 탁상시계
779,마틸라 ,"32,800",62,[최대2만원쿠폰]메종 호텔 순면 홑베드스커트 SS/Q 2color
780,이케아 ,"47,900",63,RASKOG 로스코그 카트 트롤리 웨건 3colors
781,이케아 ,"36,500",63,(안전포장) FORSA 포르소 작업등 단스탠드 8colors
782,일리  ,"98,900",63,[해외] 프란시스 Y3.3 커피머신 + 웰컴캡슐 14개
783,이케아 ,"115,000",63,STALL 4칸 신발장
784,인픽쳐 ,"8,600",63,"알루미늄액자 A1, A2, A3, A4,5070size 5colors"
785,리케 ,"178,000",63,조인 스탠딩 북선반(6COLORS)
786,&tradition ,"152,000",63,[해외] 앤트레디션 세타고 JH27 테이블 램프 
787,다니카 ,"11,900",63,가죽 데스크매트 장패드 17colors
788,한샘 ,"36,900",63,[맞춤] 릴렉스 양면 동일 3중직 완벽 암막커튼 8종
789,쿠쿠 ,"240,000",63,[최종가22.5만]쿠쿠 10인용 트윈프레셔 전기압력밥솥 CRP-ST1010FW 
790,한샘 ,"358,400",63,한샘몰pick 더메이드 리브 내추럴 원목침대 (SS / Q)
791,리빙앤소품 ,"4,900",63,로맨틱 가든 소프트 타원 발매트 미끄럼방지 주방 현관 욕실 플라워매트 3size
792,데코뷰 ,"16,900",64,(맞춤/빠른배송) 비침없는 밀크 쉬폰 커튼(나비주름/평식)
793,이케아 ,"26,500",64,(안전포장) FADO 파도 달 조명 2size / 2colors
794,닥터하우스 ,"57,900",64,프리미엄 ver. 트윙클 자석식 미니 스토브
795,데코뷰 ,"20,900",64,내츄럴 라탄스타일 러그 4size
796,캠프밸리 ,"97,000",64,[5%쿠폰] 릴렉스 밀란쇼파 수유의자 5colors
797,아이카사 ,"5,700",64,수납 정리함 폴딩 박스 S (색상선택)
798,포엠홈 ,"7,900",64,[당일출고] 루네스 화이트 벽걸이 꼭꼬핀 벽선반
799,핀카 ,"18,700",64,New 체커보드 발매트 주방매트 11colors 2size
800,캥거 ,"5,900",64,[10월 21일 예약판매] 충전식 LED 크리스탈 인테리어 무드등 캠핑 조명 (3컬러) 
801,삼성전자 ,"138,000",64,비스포크 23L 전자레인지 MS23T5018AW 퓨어화이트 터치식
802,제니퍼룸 ,"40,900",64,[리뉴얼] 전기포트 커피포트 마카롱 몽키케틀 
803,장미맨숀 ,"299,000",64,[5%쿠폰]로사 원목 다이닝 식탁/책상 테이블 1800
804,브릭나인 ,"310,000",65,브릭나인 인테리어 벽난로
805,라미에스 ,"99,000",65,원목 라탄 싸이공체어 (패브릭방석)
806,탁가온 ,"30,200",65,감성도자기 수저통 L  3colors
807,한샘 ,"52,800",65,데일리 디자인 전기케틀 (2종/택1) 전기포트
808,시라쿠스 ,"7,230",65,뉴욕 레귤러 커피잔 카푸치노잔 찻잔세트 (200ml) 
809,이케아 ,"134,400",65,BILLY 책장 (80X28X202)
810,CARL HANSEN & SON ,"724,000",65,[입고임박]칼한센앤선 CH88T 체어(일부12월입고예정)
811,THE 100% ,"7,500",65,네스프레소 호환 캡슐 커피 보관함 아크릴 빅큐브 홀더 거치대 돌체구스토 버츄오 일리
812,모스크 스튜디오 ,"34,900",65,비너스 인센스 홀더
813,네스프레소 ,"386,000",65,[공식인증] 라티시마 원 F111 화이트/블랙 2종 캡슐커피머신 + 캡슐14개 포함
814,융 ,"34,800",65,LS990 듀로플라스틱 유럽형 1회로 스위치
815,쿠쿠 ,"439,000",65,쿠쿠 6인용 트윈프레셔 IH전기압력밥솥CRP-LHTR0610FWM
816,리빙앤소품 ,"9,500",65,[예약판매]모던 스톤 오브제 인테리어 장식 소품 3종
817,nemo ,"650,000",65,[해외] 네모 라이팅 랑프 드 마르세유 미니 벽조명 3colors
818,비셀리움 ,"42,400",65,[당일출고] 원형테이블 E0등급 카페 원형식탁 화이트 올블랙 마블컬러 700
819,쇼트즈위젤 ,"12,100",65,독일 글라스 아이벤토 레드 와인잔 2개 세트
820,이케아 ,"26,500",66,(안전포장) FADO 파도 달 조명 2size / 2colors
821,세레스홈 ,"29,800",66,DEAR 디어 우드 캔들워머 무드등 3colors
822,아이엔지홈 ,"172,000",66,끌로에 3단 와이드 서랍장 5 Colors (거울/스툴 추가선택)
823,메이드모드 ,"4,500",66,세로 줄무늬 유리화병
824,LG전자 ,"1,040,000",66,LG 프라이빗 스마트스크린TV 스탠바이미 27ART10AKPL
825,멜팅스튜디오 ,"2,500",66,"[5%쿠폰]나의 유럽 모먼트, 인테리어 액자 포스터 / 08 Le Beau Temps / "
826,코틸레돈 ,"34,230",66,[오늘의딜]초간편 셀프시공 붙이는 템바보드 490x2400㎜ (재단서비스)
827,한샘 ,"3,750",66,(new 칼라 출시) 샘 폴리 수납정리바스켓 1P 중/대/와이드/뚜껑(택1)
828,이케아 ,"10,900",66,LAMPAN 탁상 스탠드 4가지 색상
829,스피아노 ,"19,900",66,멜랑 충전식 LED 무드등 SL-A01
830,브레빌 ,"659,900",66,[해외] 커피머신 BES870 바리스타 익스프레스 (관부가세별도)
831,블릭 ,"115,000",66, L9 미니 빔프로젝터 무선 미러링 (리모컨+가방+HDMI 케이블) 1년A/S
832,한샘 ,"33,500",67,[맞춤] 호텔식 암막 커튼
833,샤오미 ,"79,900",67,[해외] 한정수량 2S 저소음 무선선풍기 (100단풍속/리모컨/돼지코포함) 
834,드롱기 ,"207,000",67,[해외] 드롱기 데디카 커피머신 EC685 4종
835,르그랑코리아 ,"27,200",67,아테오 화이트 스위치 라운드
836,쇼트즈위젤 ,"12,100",67,독일 글라스 아이벤토 레드 와인잔 2개 세트
837,아메리칸스탠다드 ,"294,200",67,CCASF516 플랫 반다리 일체형 세면기
838,아메리칸스탠다드 ,"454,300",67,C319500A/C427500T 웨이브라운드 치마형 투피스 양변기
839,삼성전자 ,"3,389,000",67,[혜택가 326만원]냉장고 RR40A7905AP+RZ34A7905AP+RQ34A7915AP
840,우드명인 ,"63,990",67,NEW 영림 템바루바 직각&반달 (재단가능) 9colors
841,핸슨소파 ,"1,630,000",67,네오 1인용 리클라이너 소파 5color
842,무아스 ,"15,500",67,플랫우드 로즈골드 무소음 벽시계
843,르그랑코리아 ,"72,200",67,아테오 원형 스위치 6구
844,룸스토어 ,700,68,[오늘의딜]만능 풀바른 벽지 간편 셀프도배 합지벽지 (사은품 증정)
845,데이홈 ,"14,900",68,"DIY 로맨틱 간접조명,  침대조명 무드등 5종"
846,아르테미데 ,"177,000",68,[해외] 정품 네시노 테이블 램프  (관부가세/배송비포함)
847,딥디크 ,"44,800",68,[해외] 캔들 8종 70g/190g
848,아르네야콥센 ,"88,000",68,[해외] 탁상시계 뱅커스 지름 11cm 3colors
849,리브인홈 ,850,68,팬트리 수납정리함 옷장수납함 리빙박스
850,고치고 ,"40,000",68,무광 스텐 B타입 스탠 싱크대 주방 수전
851,한샘 ,"674,900",68,한샘몰pick 눕 데일리 구스 아쿠아텍스 패브릭 모듈 소파 4인용3colors
852,스토케 ,0,68,트립트랩 식탁의자(사은품증정)
853,클렙튼 ,"61,300",68,원형 스트랩거울 10종 OL (후크증정)
854,USM ,"1,313,900",68,[빠른배송] USM 할러 1X2 베드사이드테이블(1-Bottom-Door 52x57)
855,현대L&C ,"6,600",68,프리미엄 인테리어필름 오리진 우드 무늬목 시트지 30종
856,영가구 ,"29,900",69,베가 폴라 투명 접이식의자 17colors(대량구매 추가할인)
857,스칸디앤홈 ,"7,700",69,[10%쿠폰] 먼지없는 헤링본 사이잘룩 러그 카페트 4colors7size
858,한빛카페트 ,"7,900",69,[10%쿠폰][오늘의딜]헤링본 워셔블 사이잘룩 사계절 러그카페트 9size 8color
859,모나코올리브 ,"9,500",69,모던화이트 물빠짐 트윈 도자기수저통
860,창안애 ,"17,300",69,[5%추가인하/맞춤] 원목 오동나무 우드블라인드 42colors
861,데코뷰 ,"16,900",69,(맞춤/빠른배송) 비침없는 밀크 쉬폰 커튼(나비주름/평식)
862,에이치앤아이 ,"91,900",69,5단 360도 회전 이동식 네모 트롤리 6colors
863,당신의온실 ,"27,000",69,웨이브미러 S
864,한샘주방 ,"31,900",69,[단독특가] 한샘몰PICK 클로이 조리도구 키친툴 7P세트 3colors 
865,사무엘스몰즈 ,"55,000",69,ORIGINAL 2C Multi Plug 4colors
866,월플랜 ,800,69,풀바른벽지 초간단 셀프도배 합지벽지(사은품증정)
867,로지텍 ,"39,900",69,로지텍 코리아 K380 블루투스 키보드 4colors
868,스칸디앤홈 ,"7,700",70,[10%쿠폰] 먼지없는 헤링본 사이잘룩 러그 카페트 4colors7size
869,이케아 ,"14,900",70,LERBERG 와이드 철제 선반 2colors
870,오아 ,"39,900",70,"(한정수량 36,900) 무드 가습기 1000ml 무드등 미니 초음파 가습기"
871,네이쳐리빙 ,"8,900",70,1+1 데이지가든 내츄럴 PP 라탄 바구니 4size
872,갤러리데코 ,"17,900",70,무디 우드 테이블 조명 무드 단스탠드
873,안제이 ,"3,800",70,미니촛농 캔들 7color 
874,모노먼트 ,"12,900",70,내추럴 원목 벤치형 2단/3단 수납선반 정리대 6size 
875,멜팅스튜디오 ,"2,500",70,"[5%쿠폰]나의 유럽 모먼트, 인테리어 액자 포스터 / 09 Enough Rest / "
876,헤이몰리 ,"14,900",70,나비드 문걸이 거울 300/400 6종택1 3color
877,에이치홈 ,"4,500",70,감성 포토 인테리어 엽서 30종 set 
878,먼데이하우스 ,"24,900",70,[7%쿠폰] 당일출고  순수원목 C테이블 접이식 거실테이블 4sizes
879,네스프레소 ,"109,000",70,[해외] 에센자 미니 블랙/화이트 + 웰컴캡슐
880,이케아 ,"26,500",71,(안전포장) FADO 파도 달 조명 2size / 2colors
881,이케아 ,"54,500",71,헬메르 철제 이동식서랍장 (이중박스포장)
882,이케아 ,"32,500",71,[10%쿠폰] LERSTA 플로어 장스탠드 2colors (전구포함)
883,이케아 ,"9,990",71,MARIUS 스툴
884,솔빈이네액자가게 ,"4,000",71,인테리어 우드액자 프레임 8종  A1 A2 A3 A4  
885,&tradition ,"152,000",71,[해외] 앤트레디션 세타고 JH27 테이블 램프 
886,플러스마이너스제로 ,0,71,무선청소기 Y010
887,오디오테크니카 ,"319,000",71,공식수입원 AT-LP60XBT 자동 벨트 드라이브 무선 블루투스 턴테이블
888,멜팅스튜디오 ,"3,500",71,[5%쿠폰]미드 센츄리 모던 전시 포스터 / 31 Bauhaus 06 / 
889,고공캣 ,"48,000",71,캣모나이트 스크래쳐 베드 3colors
890,L&C stendal ,"294,139",71,[빠른배송][한정수량] 아르노 체어 Arno Chair (8colors)
891,제일전기공업 ,"2,300",71,디아트 콘센트 2구(45도)
892,아이카사 ,"5,700",72,수납 정리함 폴딩 박스 S (색상선택)
893,HICKIES ,"5,000",72,밀폐수납 위생 물티슈케이스 Moist
894,조셉조셉 ,"58,000",72,[단독특가] 뉴 멀티 조리도구 스페셜 7종세트
895,LG전자 ,"679,000",72,[혜택가 : 52만원]LG시네빔 PF50KA 빔프로젝터 내장배터리
896,두닷모노 ,"47,000",72,[5%쿠폰] 롱드 450/600 라운드 매거진랙 북선반 전면 책장 잡지 진열장
897,THE살림 ,"7,900",72,아크릴 각티슈 케이스
898,가쯔 ,"18,500",72,리뉴얼 원목 옷걸이 30개
899,브리타 ,"36,000",72,[브리타] 필터형 정수기 마렐라 2.4L+필터 1입
900,본디자인랩 ,"14,700",72,선셋조명 우주비행사 만달라키 우주인 무드등 노을 일몰 석양 무지개
901,삼성전자 ,"594,200",72,[혜택가56만] 인증점 비스포크 제트봇 VR30T85513W 먼지비움 청정스테이션 화이트
902,삼성전자 ,"959,000",72,삼성전자 비스포크 12인용 열풍건조 식기세척기 DW60A8355FG 리폼비지원 공식파트너
903,AGO ,"429,000",72,[빠른배송] 아고 벌룬 펜던트 7 Colors
904,올쏘퍼니처 ,"189,000",73,아이비 원목 침대 프레임 (매트리스선택) (슈퍼싱글/퀸)
905,LG전자 ,"1,040,000",73,LG 프라이빗 스마트스크린TV 스탠바이미 27ART10AKPL
906,뉴앤룩 ,"1,200",73,칫솔꽂이 세라믹 스탠드 7colors (세라믹트레이 추가 선택)
907,사무엘스몰즈 ,"55,000",73,ORIGINAL 2C Multi Plug 4colors
908,트렌데코 ,"12,900",73,오브제 도자기 화병_고리타입
909,마켓비 ,"65,900",73,TOSAR 협탁 TBM7046 2colors
910,한샘 ,"93,800",73,1+1 디오 바체어 (12종/택1) 절삭가능
911,마루이 ,"349,000",73,마브로 원목 콘솔 화장대+거울 세트_시나몬브라운
912,샤오미 ,"70,500",73,[해외] T1S 자동 센서 스마트 휴지통 쓰레기통 화이트 4세대
913,윈도우드레스 ,"17,000",73,[맞춤] 차르르 나비주름 쉬폰커튼
914,마켓비 ,"59,900",73,BENTAN 미니수납장 6문 NFM6242VRT 세로형
915,삼성전자 ,"2,017,100",73,[카드혜택가198만] 공식파트너 비스포크 키친핏 4도어 냉장고 RF60B91C3AP 코타
916,아엠홈 ,"19,900",74,[오늘의딜][5%쿠폰] 비침없는 도톰 레이스/쉬폰커튼(나비주름/핀형/봉집)
917,밧드야  ,"36,800",74,[단독특가][무료배송] 음쓰통계의 샤넬! 18-8 풀스텐 음식물쓰레기통 3L
918,먼데이하우스 ,"495,000",74,[7%쿠폰]  아쿠아패브릭 론 4인 소파 3colors
919,젊은이마켓 ,"3,500",74,층간소음 방지 슬리퍼 실내화 두툼한 쿠션 거실화 7colors
920,로고스토리 ,"59,900",74,플립형 손잡이 학생/사무 컴퓨터의자 플리high (헤드)
921,LG전자 ,"699,000",74,카드가 63만원대 LG 오브제 컬렉션 올인원타워 A9S 무선청소기 AT9201WBK 베이지
922,창안애 ,"17,100",74,[맞춤] 100% 암막커튼 커텐 안방 거실 방한 방풍 차르르 쉬폰 속지
923,누마 ,"174,000",74,[5%쿠폰] 델타 게이밍 컴퓨터책상 B형(낮은선반형) 1800 2colors
924,마틸라 ,"73,900",74,[최대2만원쿠폰]사박시원 풍기인견 썸머호텔 여름 차렵이불세트 SS/Q/K 6colors
925,LG전자 ,"999,000",74,[오늘의딜] LG 디오스 식기세척기 DUB22WA 12인용
926,쿤달 ,"15,500",74,퍼퓸 디퓨저 200ml 2구 세트
927,오홀리브 ,"19,900",74,접이식 액자테이블 보름달 3size
928,솔빈이네액자가게 ,"4,000",75,인테리어 우드액자 프레임 8종  A1 A2 A3 A4  
929,딥디크 ,"71,000",75,[해외] 룸 스프레이 7종 150ml/100ml
930,제네바사운드 ,"3,500,000",75,프리미엄 블루투스 올인원 오디오시스템 모델 XL Model XL
931,시라쿠스 ,"3,000",75,뉴욕 카페 머그컵 머그잔 일자 머그 (300ml)
932,메이드모드 ,"7,500",75,﻿데이지 부쉬 조화_3color
933,CARL HANSEN & SON ,"1,026,000",75,[입고임박]칼한센앤선 CH24 위시본 체어 (12월입고예정)
934,코지테이블 ,"54,000",75,나무 사각 찬합 3단 소풍 도시락통
935,발뮤다 ,"479,000",75,[2만쿠폰][시즌오프] 발뮤다 그린팬S 선풍기 (화이트x블랙/화이트x그레이)
936,컷코 ,0,75,한국형 풀 세트
937,페르몹 ,"170,000",75,비스트로 메탈 체어 BISTRO METAL CHAIR
938,스몰스터프 ,"308,000",75,익스텐드 스텝 4colors
939,산타마리아노벨라 ,0,75,멜로그라노 인 테라코타
940,끌레오 ,"18,900",76,위니 식탁 의자 인테리어 포인트 카페 체어 SL084
941,아스파시아 ,"23,900",76,벌레가 기피하는 시나몬 행잉가랜드 - 시나몬 추가
942,오트밀하우스 ,"76,900",76,[5%쿠폰] 로지 원형 카페 테이블 800 3colors
943,루씨에어 ,"441,000",76,루씨에어 실링팬 레이더 (한국공식수입원_A/S가능)
944,마리엔젤 ,"40,000",76,레트로 빈티지 뜨개느낌 레이스 가리개커튼 아이보리 나비주름/핀형/봉집형 3size
945,아빠가만든공간 ,"44,000",76,코지 우드 플리츠 단스탠드 4color (기본전구증정)
946,몬스터캠핑 ,"33,900",76,우드 접이식 캠핑 롤테이블 3size 2colors (사은품증정)
947,생활지음 ,"85,000",76,올라 바스툴 홈바 의자
948,플렌스테드 ,"161,500",76,"FLENSTED MOBILES - Drifting Clouds (NATURE,BLACK)"
949,크로우캐년 ,"20,000",76,D11_마블 머그_6color (340ml)
950,준우드 ,"59,900",76,비산방지 전신경 600 와이드 전신거울 2colors
951,데스커 ,"524,000",76,"1200폭 5단 일반형 책상세트 3colors (조명, 도어 포함)"
952,두닷 ,"125,000",77,[5%쿠폰] 콰트로 에어 데스크 20size 5colors(800~2000mm)
953,네이쳐리빙 ,"12,900",77,[10%쿠폰] 모노블 접이식 문걸이 빨래건조대 2colors
954,봉주르소소 ,"12,800",77, 그란데 메르시 장미 실크플라워
955,아이젠테크 ,"12,000",77,데스크 오거나이저 책상 소품 수납 정리함 연필꽂이
956,골든스트릿 ,"104,900",77,마카롱 라운드 모서리 1200 높은 거실장 수납장 핸들리스 손잡이
957,HAEGANG ,"4,000",77,고급형 부착식 슬라이딩 서랍 2 size 책상 미니 틈새 데스크 수납 
958,LG전자 ,"2,900,000",77,LG트롬 오브제컬렉션 워시타워 세탁24kg+건조16kg 3color
959,사사가구 ,"29,900",77,엔트리 소파 겸용 다용도 강아지 계단 스텝
960,반달플라워마켓 ,"4,250",77,공기정화식물 23종
961,라이프앤콜렉트 ,"29,000",77,양면 모듈 액자 프레임 / A1 A2 A3 A4 
962,이지드롭 ,"19,900",77,변기크리너 핸들1개 +리필 3팩
963,탑메이드 ,"6,000",77,[1+1]내열유리컵 500ml(C-04)
964,영가구 ,"29,900",78,베가 폴라 투명 접이식의자 17colors(대량구매 추가할인)
965,비알프렌드 ,"114,000",78,[7%쿠폰]디디 반타원 테이블 라미네이트 화이트식탁 1000 (2size)
966,두닷 ,"119,000",78,[5%쿠폰] 밀라노 1500 북선반 5colors
967,yeyecompany ,"87,900",78,[5%쿠폰] 모듈가구 003(3단) 6colors
968,한빛카페트 ,"3,100",78,[10%쿠폰][단독] DIY 타일카페트 8color (50x50cm) 1P
969,라이프썸 ,"45,900",78,다용도 무선 충전 핸디 청소기 2세대 LFS-HA17
970,메종드꼼마 ,"29,900",78,블랑드체어 인테리어 식탁의자 4colors
971,"oth, ","41,710",78,HanRiver fabric poster/curtain ver1/ver2
972,먼데이하우스 ,"9,900",78,[7%쿠폰]  당일출고 순수원목 1/2 매트리스 깔판 7size
973,렉슨 ,"72,000",78,"미나M LED 버섯램프_(무선충전,생활방수,9색변환) - LH64 9color"
974,레나에너지 ,"24,900",78,오로라 스퀘어 큐브 무드등 홀로그램 조명 2size (리모컨 추가가능)
975,오홀리브 ,"19,900",78,접이식 액자테이블 동그라미셋 3size
976,두닷 ,"82,000",79,[5%쿠폰] 콰트로 데스크 시리즈 19size (400~2000mm)
977,휴도 ,"104,900",79,[5%쿠폰]  편안한 제주 필로우탑 본넬스프링 침대 매트리스 (싱글/슈퍼싱글/퀸/킹)
978,HIFI ,"39,150",79,[해외] 아날로그 감성 벽걸이 CD 플레이어 - 사각 CDP
979,일리  ,"125,250",79,[해외] ★신규색상입고★프란시스 Y3.3 커피머신 + 웰컴캡슐 14개 증정
980,아이카사 ,"5,700",79,수납 정리함 폴딩 박스 S (색상선택)
981,쓰임 ,"24,500",79,프리미엄 마호가니 원목도마 /우드 플레이트 1+1 균일가 
982,므어므어 ,"16,500",79,특허받은 원조 키친타올걸이 4+1 기능 마그넷홀더 갑티슈 + 뽑아쓰는키친타올 강력추천
983,이케아 ,"79,900",79,PS 철재 캐비넷 수납장 5colors
984,Rome&Glas ,"58,900",79,[오늘의딜][해외] 북유럽 관절 벽조명 우드 월램프
985,오디오테크니카 ,"329,000",79, 올 화이트 리미티드 에디션 AT-LP60XBT WW 완전 자동 벨트 무선 턴테이블
986,루메나 ,"34,900",79,[단독특가] FAN STAND 3X 무선 써큘레이터
987,스피드랙 ,"22,900",79,[5%쿠폰] 경량랙 무볼트 조립식 철제 수납 앵글선반 
