,브랜드명,상품명,url번호,상품가격
0,발뮤다 ,[최종가29.9만][1만쿠폰] 발뮤다 뉴토스터 3.0 + (9만원 상당 정품 사은품),0,"309,000"
1,무인양품 ,더스트 박스 폴리프로필렌 휴지통 3 size ,0,"5,900"
2,브레빌 ,[해외] 커피머신 BES870 바리스타 익스프레스 (관부가세별도),0,"659,900"
3,밧드야  ,18-8 스테인리스 싱크랙,0,"22,900"
4,vitra ,비트라 팬톤 체어 (6개월소요예정),0,"388,000"
5,융 ,LS990 듀로플라스틱 유럽형 1회로 스위치,0,"34,800"
6,사브르 ,(5%쿠폰) 사브르 비스트로 디너 세트 3P 프랑스 명품 커트러리,0,"40,400"
7,융 ,LS990 듀로플라스틱 유럽형 2회로 스위치(단로),0,"49,100"
8,윤도자기 ,윤도자기 차곡 밥공기,0,"5,900"
9,융 ,LS990 듀로플라스틱 유럽형 콘센트_220V,0,"30,400"
10,케멕스 ,클래식 CM-6A 6컵,0,"57,900"
11,아르네야콥센 ,[해외] AJ 시티홀 아르네야콥센 탁상 시계 sandy beige,0,"104,900"
12,두닷 ,[5%쿠폰] 밀라노 1500 북선반 5colors,1,"119,000"
13,한샘주방 ,[단독특가] 한샘몰PICK 클로이 조리도구 키친툴 7P세트 3colors ,1,"31,900"
14,코드86 ,다용도 리빙박스 팬트리 수납박스 정리함 5color (손잡이형),1,"2,500"
15,&tradition ,[해외] 앤트레디션 세타고 JH27 테이블 램프 ,1,"152,000"
16,이케아 ,TRENSUM 탁상 거울 스테인리스,1,"12,900"
17,삼화페인트 ,아이생각 4L 친환경 수성페인트 125colors (내부프로),1,"12,900"
18,이케아 ,니사포르스 주방 키친 카트 트롤리 웨건,1,"44,900"
19,발뮤다 ,발뮤다 에어엔진 공기청정기 2colors 60㎡ (18평형),1,"430,000"
20,브레빌 ,[해외] 커피머신 BES870 바리스타 익스프레스 (관부가세별도),1,"659,900"
21,디베아 , 차이슨 무선 청소기 올 뉴 22000 UV 터보브러시 최대진공도 40000PA,1,"165,000"
22,아르테미데 ,아르테미데 네시노 Artemide Nessino Ø32cm Orange,1,"290,000"
23,주빌리가구 ,트루앤미 골드써클Ver2 원형거울 화장대 욕실 벽거울 500mm,1,"26,300"
24,아이르 ,[단독] 순면100% 보이드 호텔식 이불커버 13color SS/Q,2,"19,900"
25,아엠홈 ,[오늘의딜][5%쿠폰] 비침없는 도톰 레이스/쉬폰커튼(나비주름/핀형/봉집),2,"19,900"
26,마켓비 ,[5%쿠폰]RUSTA 장스탠드 11colors,2,"19,600"
27,이니띠움 ,[10%쿠폰] 워셔블 사계절 모던 러그 카페트 5size 8color,2,"8,900"
28,앳홈 ,카페식 Doris 원형테이블 2size,2,"35,900"
29,믹스앤매치 ,[15%쿠폰/단독]말캉!마시멜로우 워싱 항균 이불베개세트 2size 8color,2,"39,900"
30,포더홈 ,[5%쿠폰] 어라운드 원형 테이블/식탁 1000 size (화이트/크롬),2,"119,000"
31,아이르 , [단독] 순면100% 보이드 호텔식 홑겹매트커버 SS/Q/K 13COLOR,2,"14,900"
32,로엠가구 ,[예약판매] 분체 간이 행사 교회 식탁 접이식 의자,2,"14,500"
33,아라크네 ,(1+1) 알루미늄블라인드 (25mm 투코드),2,"49,900"
34,인틴트 ,[10%쿠폰]사용할수록 기분좋은 가을 치즈이불 차렵이불세트SS/Q 14colors,2,"39,900"
35,봉주르소소 , 그란데 메르시 장미 실크플라워,2,"12,800"
36,이케아 ,(안전포장) FADO 파도 달 조명 2size / 2colors,3,"26,500"
37,에이비퍼니쳐 ,빈 DSS 인테리어체어 9colors,3,"37,900"
38,이케아 ,(안전포장) FORSA 포르소 작업등 단스탠드 8colors,3,"36,500"
39,오크빌 ,[누적리뷰 2천개] 오테카 원목 책상,3,"139,000"
40,바자르 ,[오늘의딜][5%쿠폰][단독] 미드나잇 고밀도 코튼 매트리스커버 10colors,3,"29,900"
41,비스비바 ,아이엠 선반키친타올걸이,3,"5,800"
42,제니퍼룸 ,[리뉴얼] 전기포트 커피포트 마카롱 몽키케틀 ,3,"40,900"
43,마켓비 ,POLABO 미니수납장 좁은 2문 SHM4247SL,3,"49,900"
44,ABC ,알루미늄 높이조절 각도조절 노트북 받침대,3,"35,000"
45,캠브로 ,우리집 테이블 캠브로 캠트레이 사각 쟁반 정품 미국 63종,3,"11,700"
46,메종드룸룸 ,모던 타일 러그 2color ,3,"49,900"
47,고르소 ,다용도 펜꽂이 슬림 연필꽂이 화장대 데스크 정리함 3type,3,900
48,HIFI ,[해외] 아날로그 감성 벽걸이 CD 플레이어 - 사각 CDP,4,"39,150"
49,양키캔들 ,모노(MONO) 캔들워머+양키캔들 라지자+전구2개증정(타이머/리모콘/높낮이조절),4,"41,900"
50,당신의온실 ,웨이브미러 S,4,"27,000"
51,마켓비 ,MKB 캐비넷 가로양문 TV스탠드 1150590,4,"95,000"
52,브릭나인 ,브릭나인 인테리어 벽난로,4,"310,000"
53,마틸라 ,[최대2만원쿠폰]이브정원 피그먼트 워싱면 이불겸패드 10colors,4,"29,900"
54,바자르 ,[단독] 모노멜란지 선염 코튼 이불커버세트 S/QK 3colors,4,"29,900"
55,바자르 ,[오늘의딜][5%쿠폰][단독] 미드나잇 고밀도 코튼 매트리스커버 10colors,4,"29,900"
56,일리  ,[해외] ★신규색상입고★프란시스 Y3.3 커피머신 + 웰컴캡슐 14개 증정,4,"125,250"
57,아이카사 ,수납 정리함 폴딩 박스 S (색상선택),4,"5,700"
58,오투가구 ,[할인쿠폰] 스카겐 북케이스,4,"109,000"
59,라튤립 ,알러지케어 향균 소프트 데일리 매트리스커버 SS/Q/K 13color,4,"22,400"
60,마틸라 ,[최대2만원쿠폰]디어썸머 시어서커 체크 여름 차렵이불세트 SS/Q/K 3colors,5,"29,900"
61,마틸라 ,[최대2만원쿠폰]이브정원 피그먼트 워싱면 이불겸패드 10colors,5,"29,900"
62,매직캔 ,[오늘의딜] 냄새잡는 휴지통 신상 히포크롬 일반히포 21L 27L,5,"35,500"
63,발뮤다 ,[최종가15.9만][1만쿠폰] 발뮤다 더 팟 전기포트 전기주전자,5,"169,000"
64,제일조명 ,클래식 43 팬던트 조명,5,"66,000"
65,네이쳐리빙 ,[10%쿠폰][기간한정] 모노블 안개분사 스프레이 분무기 300ml,5,"6,900"
66,아카시아 ,우드 트레이 멀티 티슈케이스 2colors,5,"19,900"
67,메종드꼼마 ,톤톤우드 화장대 거울 M/L(원목거치대 포함),5,"20,900"
68,참라이팅 ,LED T5 간접조명_6colors,5,"4,700"
69,베베데코 ,모먼트 스탠드 원형/사각 스판형 에어컨커버 7colors 5size,5,"18,500"
70,드롱기 ,아이코나 전기토스터 CTOV2003,5,"149,000"
71,데코뷰 ,내츄럴 수초 냄비받침,5,"5,500"
72,무아스 ,퓨어 미니 LED 벽시계 3colors,6,"14,900"
73,두닷 ,[5%쿠폰] 밀라노 1500 북선반 5colors,6,"119,000"
74,영이오브제 ,양귀비 조화 11colors,6,"1,700"
75,큐소닉 ,침대 사이드 폰 베드테이블 3size,6,"12,900"
76,일리  ,[해외] 프란시스 Y3.3 커피머신 + 웰컴캡슐 14개,6,"98,900"
77,LG전자 ,LG 프라이빗 스마트스크린TV 스탠바이미 27ART10AKPL,6,"1,040,000"
78,아리아퍼니쳐 ,[5%쿠폰] 엔틱 인테리어 아치형 창문 벽거울 2colors,6,"18,900"
79,홈즈리빙 ,불멍 난로 스토브 화로 미니 불무드 에탄올램프 2color (캔들라이터 증정),6,"25,900"
80,구디푸디 ,모던 템바보드 멀티탭 정리함 전선 콘센트 케이스 2size 3colors,6,"7,900"
81,모아이 ,노프레임 심플 아치형 다용도 거울 5size (받침대증정),6,"49,900"
82,무인양품 ,벽걸이형 CD 플레이어 ,6,"199,000"
83,마켓비 , TRISHEL 3단 선반 2colors,6,"28,000"
84,일리  ,[해외] ★신규색상입고★프란시스 Y3.3 커피머신 + 웰컴캡슐 14개 증정,7,"125,250"
85,발뮤다 ,[최종가15.9만][1만쿠폰] 발뮤다 더 팟 전기포트 전기주전자,7,"169,000"
86,포더홈 ,[5%쿠폰] 플레인 E0등급 3단 800 높은 선반 수납장/서랍장,7,"124,900"
87,세레스홈 ,미스티 학생의자 워킹체어 2type,7,"148,000"
88,므어므어 ,[단독]네이버 1등 리뷰/국내최초 특허받은 원조 므어므어 키친타올걸이 마그넷홀더 ,7,"11,900"
89,샤오미 ,[해외] T1S 자동 센서 스마트 휴지통 쓰레기통 화이트 4세대,7,"70,500"
90,이케아 ,[10%쿠폰] DEJSA 탁상스탠드 베이지 오팔 화이트 204.049.91(전구포함),7,"58,900"
91,삼성전자 ,[카드혜택가198만] 공식파트너 비스포크 키친핏 4도어 냉장고 RF60B91C3AP 코타,7,"2,017,100"
92,뉴앤룩 ,화이트 미니휴지통 화장대 쓰레기통,7,"3,000"
93,삼성전자 ,[카드혜택가34만원대] 비스포크 큐커 전기오븐 MO22A7797CW 22리터 인증점,7,"418,280"
94,비믹스(Bmix) ,INAP EDITION_OCLOCK DESK_02_W 2colors,7,"49,500"
95,창안애 ,[5%추가인하/맞춤] 물청소가능! 친환경 우드폼 거실 창문 블라인드 14colors,8,"17,000"
96,오이엔퍼니처 ,[7%쿠폰] 모듈선반 툴랙001 GL_HALF 10colors,8,"91,200"
97,리샘 ,[5%쿠폰] (빠른배송) 루이스 3단 빅서랍 수납침대  SS/Q ,8,"99,900"
98,오투가구 ,[할인쿠폰] 피카 확장형 4인 테이블,8,"414,000"
99,보아르 , 하티포트 속이 보이는 깨끗한 전기포트,8,"32,900"
100,"oth, ",Switzerland fabric poster/curtain 135x230cm,8,"60,140"
101,장미맨숀 ,[5%쿠폰]마르틴 원목 그릇장 2colors,8,"329,000"
102,무인양품 ,벽걸이형 CD 플레이어 ,8,"199,000"
103,아라크네 ,롤스크린 / 빔스크린 화이트프리미엄 6size,8,"25,900"
104,먼데이하우스 ,[7%쿠폰] 당일출고  순수원목 F행거 (중형) 3colors,8,"36,900"
105,MOUSE RUG ,페르시안카펫 마우스패드 36종 택1,8,"13,500"
106,무인양품 ,초음파 아로마 디퓨저,8,"59,000"
107,도잠 ,ANZA  스툴,9,"59,000"
108,플러스마이너스제로 ,[국내정품] 리빙팬 Z710 3 Colors (화이트/옐로우/퍼플),9,"145,000"
109,플렌스테드 ,"FLENSTED MOBILES - Drifting Clouds (NATURE,BLACK)",9,"161,500"
110,밧드야  ,18-8 풀스텐 키친랙,9,"24,900"
111,제네바사운드 ,프리미엄 블루투스 올인원 오디오시스템 모델 L Model L,9,"2,430,000"
112,아르네야콥센 ,[해외] 뱅커스 벽시계 2colors 3size 16cm/21cm/29cm,9,"149,000"
113,이지쏙 ,이지쏙 냉장고 정리용기 수납정리함 3단,9,"30,500"
114,RICHARD LAMPERT ,[빠른배송] 리차드 램퍼트 아이어만 2 다이닝 테이블 화이트 멜라민 1600/2000,9,"1,330,000"
115,토리베 ,"[오늘의딜][200개 한정, 10/13 순차발송] 올스텐/양날 분리 토리베가위",9,"55,900"
116,창신리빙 ,시스템 소분용기 20개세트 냉장고정리 밀폐용기,9,"29,900"
117,아르네야콥센 ,[해외] 탁상시계 뱅커스 지름 11cm 3colors,9,"88,000"
118,무인양품 ,스탠드 파일박스 폴리프로필렌 폭 10cm/15cm 2colors ,9,"5,900"
119,픽켄드 ,[10%쿠폰] 폭닥폭닥 정말 부드러운 두부이불 사계절 차렵이불세트 20colors,10,"39,900"
120,에이비퍼니쳐 ,빈 DSS 인테리어체어 9colors,10,"37,900"
121,이케아 ,GLADOM 글라돔 사이드 트레이 테이블 5colors,10,"22,900"
122,시코코리아 ,[역대급특가] 22년식 NEW BLDC 시코 폴딩팬 접이형 254D,10,"155,000"
123,리베르떼 ,빈티지 레트로 인테리어 벽시계,10,"28,000"
124,더프리그 ,사계절 체크 무드타일 러그 카페트 3size 2color,10,"34,900"
125,마이플랜트 ,독일토분 표준형 테라코타 빈티지 화분,10,500
126,리빙힙 ,스페스 원형테이블 800 2colors,10,"97,020"
127,픽켄드 ,[단독] 부드러운 두부 매트리스커버 2size 23color ,10,"19,900"
128,LG전자 ,클래식 TV  32LN630R,10,"888,900"
129,듀커소파 ,DK055 3.5인/3인용 풀커버 오트밀 거위털 패브릭 소파(1+1커버증정),10,"10,800"
130,룸스토어 ,[오늘의딜]만능 풀바른 벽지 간편 셀프도배 합지벽지 (사은품 증정),11,700
131,이케아 ,[10%쿠폰] ARSTID 탁상 단스탠드 2colors (전구포함),11,"35,900"
132,lifebox ,사각형 화이트 양면 탁상거울,11,"7,900"
133,이케아 ,쉬레 원목 스툴 의자 간이 보조 화장대 식탁 4colors,11,"25,500"
134,미리내가든 ,아랄리아 플라스틱화분 ,11,"45,000"
135,나인플랜트(NINEPLANT) ,대형 아레카 야자 - 원형 테라조 화분2colors(서울/경기지역배송),11,"115,000"
136,시라쿠스 ,뉴욕 공기 밥그릇 시리얼볼 다용도볼 (12cm),11,"4,670"
137,사브르 ,(5%쿠폰) 사브르 비스트로 디너 세트 3P 프랑스 명품 커트러리,11,"40,400"
138,몬드 ,싱크대에 딱 붙는 양면 플레이팅 대형 대나무 도마,11,"18,900"
139,마이플랜트 ,데로마 실린드리코 이탈리아 토분 빈티지 화분,11,"9,500"
140,제일전기공업 ,디아트 스위치 2구,11,"2,900"
141,로메이키친 ,아코락 아일랜드 비트니 유리잔 물컵 언더락 300ml,11,"2,200"
142,한빛카페트 ,[10%쿠폰][단독] DIY 타일카페트 8color (50x50cm) 1P,12,"3,100"
143,데스커 ,DSAD612P 1200폭 1인 노트북 책상 3colors + 빌트인 콘센트,12,"154,000"
144,발뮤다 ,[최종가29.9만][1만쿠폰] 발뮤다 뉴토스터 3.0 + (9만원 상당 정품 사은품),12,"309,000"
145,리빙스토리 ,1+1 원터치 인테리어 미니휴지통 3colors,12,"8,500"
146,코드86 ,장식용 모조 인테리어북 촬영소품 모형책 (63 type),12,"1,800"
147,생활지음 ,올라 바스툴 홈바 의자,12,"85,000"
148,인픽쳐 ,"알루미늄액자 A1, A2, A3, A4,5070size 5colors",12,"8,600"
149,무아스 ,팝 미러클락 빅 탁상 시계 (온도 습도),12,"14,800"
150,에이치홈 ,라탄 컵받침 코스터 6 SIZE 원형 사각,12,"1,900"
151,렉슨 ,"미나M LED 버섯램프_(무선충전,생활방수,9색변환) - LH64 9color",12,"72,000"
152,미리 ,욕실 스프레이건 변기샤워기 욕실 청소건 (화장실청소),12,"19,800"
153,omeko ,DCM 우드 디자인 체어,12,"127,000"
154,이케아 ,RASKOG 로스코그 카트 트롤리 웨건 3colors,13,"47,900"
155,데스커 , DSBC162S 1600폭 2단 수납형 목제책장 3colors,13,"314,000"
156,데스커 ,DSAD212 1200x600 베이직데스크 5colors,13,"104,000"
157,뉴앤룩 ,칫솔꽂이 세라믹 스탠드 7colors (세라믹트레이 추가 선택),13,"1,200"
158,퍼니처랩 ,노리 라탄 서랍장 2X2,13,"330,000"
159,이케아 ,이케아 RISATORP 철제바구니,13,"14,900"
160,비스비바 ,"[쿠폰가92,650원] 빈블리 자동센서휴지통 30L",13,"109,000"
161,무인양품 ,벽걸이형 CD 플레이어 ,13,"199,000"
162,무인양품 , 부드러운 타입 폴리에틸렌 케이스 4size + 뚜껑 별도 옵션 선택,13,"6,900"
163,웜그레이테일 ,CORN FABRIC - 3 sizes,13,"46,000"
164,발뮤다 ,발뮤다 더 퓨어 공기청정기 2colors 60㎡ 18평형,13,"499,000"
165,이케아 ,삿수마스 화분스탠드 직사각,13,"63,900"
166,무인양품 ,더스트 박스 폴리프로필렌 휴지통 3 size ,13,"5,900"
167,시라쿠스 ,뉴욕 원형 접시 디저트 플레이트 M사이즈 (18cm),13,"5,670"
168,드롱기 ,[해외] 아이코나 빈티지 전기주전자 KBOV 2001,13,"85,590"
169,웜그레이테일 ,HUGGY BEAR FABRIC POSTER_2sizes,13,"25,000"
170,영가구 ,베가 폴라 투명 접이식의자 17colors(대량구매 추가할인),14,"29,900"
171,창안애 ,[5%추가인하/맞춤] 원목 오동나무 우드블라인드 42colors,14,"17,300"
172,미닉스 ,[오늘의딜]업그레이드! NEW 미닉스 미니 건조기 3kg,14,"299,000"
173,베이직톤 ,[10%쿠폰] 클린코튼 고밀도 순면60수 호텔식 차렵이불 친환경 옥수수솜6색상,14,"64,900"
174,JBY ,아치형 전신거울 (500~900size),14,"95,000"
175,먼데이하우스 ,[7%쿠폰] 당일출고 호텔식 프리미엄 독립 포켓스프링 필로우탑 매트리스(25cm),14,"113,400"
176,플랜트란스 ,윌리 원형테이블 카페시리즈 실버엣지/HPL소재/A타입 (사이즈선택),14,"369,000"
177,에르미아 ,마이크로화이버 홑겹 항균 매트리스커버 S/SS/Q/K,14,"17,900"
178,이케아 ,MARIUS 스툴,14,"9,990"
179,믹스앤매치 ,[10%쿠폰]미드센추리 카이 항균마이크로 홑 매트커버 S/SS/Q/K 15colors,14,"9,900"
180,아이르 , [단독] 순면100% 보이드 호텔식 홑겹베개커버 (40x60)(50x70),14,"5,500"
181,크로우캐년 ,D11_마블 머그_6color (340ml),14,"20,000"
182,영가구 ,베가 폴라 투명 접이식의자 17colors(대량구매 추가할인),15,"29,900"
183,스칸디앤홈 ,[10%쿠폰] 먼지없는 헤링본 사이잘룩 러그 카페트 4colors7size,15,"7,700"
184,두닷 ,[5%쿠폰] 밀라노 1500 북선반 5colors,15,"119,000"
185,이케아 ,(안전포장) FADO 파도 달 조명 2size / 2colors,15,"26,500"
186,픽켄드 ,[10%쿠폰] 폭닥폭닥 정말 부드러운 두부이불 사계절 차렵이불세트 20colors,15,"39,900"
187,더프리그 ,로망스 심플 단모 사계절 거실 원형 러그 4colors,15,"15,800"
188,더프리그 ,DIY 모듈 선반 침실 협탁 가구 310(2단x1열)(추가금없음),15,"59,000"
189,OWN아트포스터 ,행운과 금전운을 주는 노란 추상화 인테리어 캔버스액자 연회 No.004,15,"17,000"
190,바이빔 ,[무료배송] 네온 팝 러그 카페트 5colors 6size,15,"18,500"
191,더프리그 ,[단독] 체커보드 단모 사계절 러그 카페트 2color 3size,15,"32,900"
192,롯오브젝트 ,모듈 미니선반 10colors,15,"50,000"
193,포엠홈 ,[당일출고] 루네스 화이트 벽걸이 꼭꼬핀 벽선반,15,"7,900"
194,이케아 ,RASKOG 로스코그 카트 트롤리 웨건 3colors,16,"47,900"
195,브릭나인 ,브릭나인 인테리어 벽난로,16,"310,000"
196,마켓비 , OLIVER 스툴 6colors,16,"15,900"
197,쿠첸 ,[오늘의딜][최종가7.4만] 쿠첸 클래식 레트로 전자레인지 2colors 공식,16,"82,900"
198,이지앤프리 ,1+1+1+1 모던 다용도 잡곡통 1200ml ,16,"8,900"
199,이케아 ,MALM 3단 6칸 서랍장 160x78,16,"299,000"
200,보아르 ,유럽 안전인증! 혼요 오가닉코팅 디지털 에어프라이어,16,"74,000"
201,홈앤하우스 ,메탈랙 선반장 900 5단 (2colors),16,"46,900"
202,드롱기 ,아이코나 전기토스터 CTOV2003,16,"149,000"
203,L&C stendal ,[부분빠른배송] 아키로 426 테이블 2colors (무료설치),16,"480,000"
204,아르테미데 ,[해외] 아르떼미데 네시노 테이블 램프 오렌지/화이트,16,"175,000"
205,발뮤다 ,[최종가29.9만][1만쿠폰] 발뮤다 뉴토스터 3.0 + (9만원 상당 정품 사은품),17,"309,000"
206,루이스폴센 ,[해외] PH5 펜던트조명 (관부가세/배송비포함),17,"1,040,000"
207,소소낫 ,1+1 소소 내열유리컵 맥주잔 언더락 420ml,17,"8,000"
208,L&C stendal ,[빠른배송] 아르노 체어 Arno Chair 8colors,17,"316,200"
209,윈도우드레스 ,[맞춤] 차르르 나비주름 쉬폰커튼,17,"17,000"
210,한샘 ,모아 패브릭소파 3인용,17,"673,550"
211,더셋테이블 ,릴리 브라스 캔들 홀더,17,"38,000"
212,리바트 ,[5%쿠폰]프렌즈아이 1800 슬라이딩전면책장(5색),17,"294,000"
213,삼성전자 ,[카드혜택가198만] 공식파트너 비스포크 키친핏 4도어 냉장고 RF60B91C3AP 코타,17,"2,017,100"
214,브라운 ,"BC17W, BC17B 클래식 아날로그 벽시계",17,"86,400"
215,키친몰링 ,루스 유리 화병_3sizes,17,"3,300"
216,일리  ,[해외] ★신규색상입고★프란시스 Y3.3 커피머신 + 웰컴캡슐 14개 증정,18,"125,250"
217,발뮤다 ,[최종가29.9만][1만쿠폰] 발뮤다 뉴토스터 3.0 + (9만원 상당 정품 사은품),18,"309,000"
218,모노와이드 ,[완제품배송] 모듈 매거진랙 LP수납장 책꽂이 2단,18,"39,500"
219,렉슨 ,"미나M LED 버섯램프_(무선충전,생활방수,9색변환) - LH64 9color",18,"72,000"
220,로지텍 ,로지텍 코리아 K380 블루투스 키보드 4colors,18,"39,900"
221,THE살림 ,1+1 원터치 화장대 책상 미니 휴지통 3colors,18,"11,900"
222,베리미 ,냉장고 자석메모보드 화이트보드_세로형 monthly planner,18,"15,900"
223,FRITZ HANSEN ,롱사이즈 입고! [오늘의딜][해외] 프리츠한센 이케바나화병 3size,18,"110,350"
224,HAY ,[해외] 포터블 테이블 램프 6colors,18,"133,000"
225,마이룸 ,루맥스 슬림형 슬라이딩 리빙박스  3size,18,"11,900"
226,하츠 ,CPMB90-WH/BLHZ_몽블랑 후드,18,"330,000"
227,아틱 ,DIY 브러쉬 아이섀도우/립스틱 정리함 2type,18,"32,000"
228,픽켄드 ,[10%쿠폰] 폭닥폭닥 정말 부드러운 두부이불 사계절 차렵이불세트 20colors,19,"39,900"
229,에이모노 ,레트로 스탠드 (6Color),19,"38,900"
230,위즈홈 ,1+1+1 옷장정리 슬라이딩 팬트리 수납정리함 리빙박스,19,"14,500"
231,한샘 ,재크플러스 철제 5단 서랍장 (3종/택1),19,"37,905"
232,인픽쳐 ,"알루미늄액자 A1, A2, A3, A4,5070size 5colors",19,"8,600"
233,홈앤하우스 ,원목 치마바지걸이 20개,19,"22,900"
234,딥디크 ,[해외] 룸 스프레이 7종 150ml/100ml,19,"71,000"
235,리베르떼 ,빈티지 레트로 인테리어 벽시계,19,"28,000"
236,이케아 ,LINNMON ADILS 120x60 테이블 책상,19,"29,900"
237,비알프렌드 ,미드센츄리 모듈 모니터받침대 강화유리 조절발 선반(3size/4color),19,"29,200"
238,이케아 ,TJENA 파일꽂이 2P세트,19,"5,900"
